author_name,mocks_scraped,years_covered,avg_custom_accuracy_score,avg_simple_score_points,avg_simple_score_rate,avg_round_one_player_match_rate,avg_player_to_team_match_rate,avg_player_to_pick_match_rate,avg_mean_pick_abs_error,first_year,last_year,latest_published_at
Connor Hughes,2,2,70.0,21.0,0.7,1.0,0.55,0.55,1.65,2024,2025,2025-04-24
James Brizuela,1,1,66.66666666666666,20.0,0.6666666666666666,1.0,0.5,0.5,1.9,2024,2024,2024-04-20
Jeff Howe,1,1,66.66666666666666,20.0,0.6666666666666666,1.0,0.5,0.7,3.4,2025,2025,2025-04-22
Frank Schwab,1,1,63.33333333333333,19.0,0.6333333333333333,0.9,0.5,0.7,14.6,2025,2025,2025-04-21
Gavino Borquez,1,1,63.33333333333333,19.0,0.6333333333333333,0.9,0.5,0.7,15.0,2025,2025,2025-04-14
Colin Cowherd,2,2,60.55555555555555,24.0,0.6055555555555555,0.9666666666666666,0.425,0.45,4.283333333333333,2024,2025,2025-04-24
Ralph Vacchiano,1,1,60.0,18.0,0.6,1.0,0.4,0.2,4.1,2022,2022,2022-04-26
Cecil Lammey,1,1,57.29166666666666,55.0,0.5729166666666666,0.84375,0.4375,0.25,5.71875,2024,2024,2024-04-24
Andy Staples,1,1,56.25,54.0,0.5625,0.8125,0.4375,0.28125,6.46875,2024,2024,2024-04-23
Cade Clodi,1,1,53.333333333333336,16.0,0.5333333333333333,1.0,0.3,0.3,4.0,2023,2023,2023-04-19
Garion Thorne,1,1,53.333333333333336,16.0,0.5333333333333333,1.0,0.3,0.3,2.8,2021,2021,2021-04-27
Jordan Reid,1,1,52.083333333333336,50.0,0.5208333333333334,0.8125,0.375,0.34375,7.34375,2021,2021,2021-04-27
Chris Simms,1,1,52.083333333333336,50.0,0.5208333333333334,0.875,0.34375,0.21875,6.4375,2024,2024,2024-04-22
Josh Larky,1,1,52.083333333333336,50.0,0.5208333333333334,0.875,0.34375,0.3125,4.9375,2024,2024,2024-04-19
Judah Fortgang,1,1,52.083333333333336,25.0,0.5208333333333334,0.9375,0.3125,0.4375,10.5,2025,2025,2025-04-10
Parker Hurley,2,2,52.08333333333333,12.5,0.5208333333333334,0.9375,0.3125,0.3125,4.375,2023,2024,2024-04-10
John Crumpler,1,1,51.66666666666667,31.0,0.5166666666666667,0.95,0.3,0.2,6.45,2022,2022,2022-04-28
Zach Goodall,1,1,51.04166666666666,49.0,0.5104166666666666,0.78125,0.375,0.3125,7.03125,2021,2021,2021-04-26
Brendan Donahue,1,1,51.04166666666666,49.0,0.5104166666666666,0.84375,0.34375,0.3125,4.9375,2021,2021,2021-04-29
Charlie Campbell,6,6,50.884184587813614,46.5,0.5088418458781362,0.8278965053763442,0.34931451612903225,0.2594758064516129,6.601344086021506,2020,2025,2025-04-24
Zach Cohen,2,2,50.520833333333336,48.5,0.5052083333333334,0.890625,0.3125,0.265625,6.46875,2021,2022,2022-04-24
Jared Smola,2,2,50.52083333333333,48.5,0.5052083333333333,0.890625,0.3125,0.25,7.0625,2024,2025,2025-04-24
Jared Wasserman,1,1,50.0,48.0,0.5,0.8125,0.34375,0.21875,6.90625,2024,2024,2024-04-25
Maddy Hudak,1,1,50.0,48.0,0.5,0.8125,0.34375,0.25,6.53125,2021,2021,2021-04-23
Theo Gremminger,1,1,50.0,48.0,0.5,0.875,0.3125,0.25,4.96875,2024,2024,2024-04-21
Les Bowen,1,1,48.95833333333333,47.0,0.4895833333333333,0.78125,0.34375,0.3125,6.375,2021,2021,2021-04-27
Tyler Jacobs,1,1,48.95833333333333,47.0,0.4895833333333333,0.78125,0.34375,0.21875,9.15625,2020,2020,2020-04-15
Braden Holecek,1,1,48.95833333333333,47.0,0.4895833333333333,0.84375,0.3125,0.21875,6.46875,2024,2024,2024-04-23
Freddy Branson,1,1,48.95833333333333,47.0,0.4895833333333333,0.84375,0.3125,0.375,9.53125,2025,2025,2025-04-23
Mike Kadlick,1,1,48.95833333333333,47.0,0.4895833333333333,0.84375,0.3125,0.25,5.53125,2024,2024,2024-04-25
Scott Bogman,1,1,48.95833333333333,47.0,0.4895833333333333,0.84375,0.3125,0.21875,6.4375,2024,2024,2024-04-23
Tom Downey,2,2,48.4375,46.5,0.484375,0.890625,0.28125,0.1875,5.71875,2022,2024,2024-04-23
Dave Birkett,1,1,47.91666666666667,46.0,0.4791666666666667,0.75,0.34375,0.375,8.03125,2020,2020,2020-04-22
John Kosko,1,1,47.91666666666667,46.0,0.4791666666666667,0.75,0.34375,0.25,15.5625,2025,2025,2025-04-22
Michael Campbell,1,1,47.91666666666667,46.0,0.4791666666666667,0.75,0.34375,0.25,8.5,2021,2021,2021-04-14
Andy McNamara,1,1,47.91666666666667,46.0,0.4791666666666667,0.8125,0.3125,0.25,7.21875,2021,2021,2021-04-28
Ryan McFadden,1,1,47.91666666666667,46.0,0.4791666666666667,0.8125,0.3125,0.28125,5.125,2024,2024,2024-04-24
Zack Cox,1,1,47.91666666666667,46.0,0.4791666666666667,0.8125,0.3125,0.21875,9.0625,2020,2020,2020-04-19
Matt Rooney,1,1,47.91666666666667,46.0,0.4791666666666667,0.875,0.28125,0.25,5.34375,2024,2024,2024-04-25
Matty Kiwoom,1,1,47.91666666666667,46.0,0.4791666666666667,0.875,0.28125,0.1875,6.65625,2024,2024,2024-04-23
Andrew Callahan,2,2,47.395833333333336,45.5,0.47395833333333337,0.859375,0.28125,0.203125,8.0625,2024,2025,2025-04-24
Tyler Lauletta,1,1,47.31182795698925,44.0,0.4731182795698925,0.7096774193548387,0.3548387096774194,0.2258064516129032,9.580645161290322,2020,2020,2020-04-20
Hub Arkush,1,1,47.31182795698925,44.0,0.4731182795698925,0.8387096774193549,0.2903225806451613,0.2258064516129032,7.387096774193548,2023,2023,2023-04-21
Jacob Camenker,6,6,47.27262544802867,45.166666666666664,0.47272625448028677,0.8429099462365591,0.28763440860215056,0.22967069892473116,7.115759408602151,2020,2025,2025-04-24
Albert Breer,5,5,47.083333333333336,45.2,0.4708333333333333,0.8375,0.2875,0.25,5.9625,2020,2025,2025-04-24
Anthony Staggs,3,3,46.942204301075265,44.666666666666664,0.4694220430107527,0.863239247311828,0.27251344086021506,0.167002688172043,6.694220430107527,2021,2023,2023-04-27
James Rapien,1,1,46.875,45.0,0.46875,0.78125,0.3125,0.21875,10.40625,2021,2021,2021-04-28
Shawn Wagner,1,1,46.875,45.0,0.46875,0.78125,0.3125,0.25,8.9375,2020,2020,2020-04-23
Brian Wacker,1,1,46.875,45.0,0.46875,0.84375,0.28125,0.21875,4.875,2024,2024,2024-04-19
Dan Wilkins,1,1,46.875,45.0,0.46875,0.84375,0.28125,0.15625,8.53125,2023,2023,2023-04-26
Derek Brown,1,1,46.875,45.0,0.46875,0.84375,0.28125,0.15625,7.09375,2022,2022,2022-04-27
Joe Rivera,1,1,46.875,45.0,0.46875,0.84375,0.28125,0.28125,10.4375,2025,2025,2025-04-16
John Breech,1,1,46.875,45.0,0.46875,0.84375,0.28125,0.1875,6.1875,2024,2024,2024-04-23
Michelle R. Martinelli,1,1,46.875,45.0,0.46875,0.84375,0.28125,0.28125,10.4375,2025,2025,2025-04-17
Mike Band,1,1,46.875,45.0,0.46875,0.84375,0.28125,0.34375,11.0,2025,2025,2025-04-14
Saivion Mixson,1,1,46.875,45.0,0.46875,0.84375,0.28125,0.21875,5.75,2024,2024,2024-04-15
Steve Seufert,1,1,46.875,45.0,0.46875,0.84375,0.28125,0.28125,4.8125,2021,2021,2021-04-28
Walter Cherepinsky,6,6,46.73499103942652,44.666666666666664,0.46734991039426527,0.8587029569892474,0.2716733870967742,0.2192540322580645,6.580141129032259,2020,2025,2025-04-24
Scott Smith,6,6,46.583781362007166,44.5,0.46583781362007165,0.853494623655914,0.27200940860215056,0.22967069892473116,6.012264784946236,2020,2025,2025-04-24
Nick Guarisco,5,5,46.538978494623656,44.4,0.4653897849462365,0.8554435483870968,0.2703629032258065,0.2070564516129032,6.9362903225806445,2020,2025,2025-04-24
Dan Parr,2,2,46.35416666666667,44.5,0.4635416666666667,0.890625,0.25,0.265625,5.3125,2024,2025,2025-04-24
Evan Wanish,2,2,46.354166666666664,44.5,0.46354166666666663,0.859375,0.265625,0.203125,8.515625,2024,2025,2025-04-24
Matt Anderson,1,1,46.236559139784944,43.0,0.4623655913978494,0.8064516129032258,0.2903225806451613,0.1290322580645161,9.0,2023,2023,2023-04-25
RJ White,4,4,46.09375,36.0,0.4609375,0.8578125,0.2625,0.1984375,6.4375,2020,2025,2025-04-24
Sean Green,3,3,46.01254480286738,43.666666666666664,0.46012544802867383,0.8521505376344086,0.26411290322580644,0.2221102150537634,7.382056451612904,2023,2025,2025-04-22
Scotty Payne,5,5,45.880376344086024,43.8,0.4588037634408602,0.823991935483871,0.27620967741935487,0.24495967741935484,7.9957661290322575,2020,2025,2025-04-24
Nelson Espinal,1,1,45.83333333333333,44.0,0.4583333333333333,0.75,0.3125,0.28125,8.21875,2021,2021,2021-04-25
Nick Brinkerhoff,1,1,45.83333333333333,44.0,0.4583333333333333,0.75,0.3125,0.3125,17.125,2025,2025,2025-04-18
Anthony Amico,1,1,45.83333333333333,44.0,0.4583333333333333,0.8125,0.28125,0.3125,9.8125,2025,2025,2025-04-19
Carmen Vitali,1,1,45.83333333333333,44.0,0.4583333333333333,0.8125,0.28125,0.15625,10.0625,2022,2022,2022-04-26
Jeff Schudel,1,1,45.83333333333333,44.0,0.4583333333333333,0.8125,0.28125,0.25,6.0,2021,2021,2021-04-28
Stephen Reed,1,1,45.83333333333333,44.0,0.4583333333333333,0.8125,0.28125,0.1875,7.65625,2024,2024,2024-04-19
Jeff McLane,1,1,45.83333333333333,44.0,0.4583333333333333,0.875,0.25,0.1875,5.03125,2024,2024,2024-04-25
Matt Robinson,1,1,45.83333333333333,44.0,0.4583333333333333,0.875,0.25,0.1875,7.75,2022,2022,2022-04-28
Steve Serby,5,5,45.67876344086021,43.6,0.4567876344086021,0.8425403225806452,0.26391129032258065,0.2258064516129032,7.317741935483871,2020,2025,2025-04-23
Ari Meirov,3,3,45.486111111111114,43.666666666666664,0.45486111111111116,0.84375,0.2604166666666667,0.21875,8.760416666666666,2022,2025,2025-04-23
Lou Scataglia,2,2,45.41666666666667,26.0,0.45416666666666666,0.90625,0.228125,0.29375,5.403125,2024,2025,2025-04-24
Eddie Brown,4,4,45.34610215053763,43.25,0.4534610215053763,0.8109879032258065,0.27469758064516125,0.2036290322580645,7.8671875,2020,2024,2024-04-24
John Daigle,5,5,45.30913978494623,43.2,0.4530913978494624,0.842741935483871,0.25826612903225804,0.21370967741935484,7.1493951612903235,2021,2025,2025-04-24
Jeff Ratcliffe,3,3,45.22849462365591,43.0,0.4522849462365592,0.8736559139784946,0.2415994623655914,0.18850806451612903,5.803427419354839,2023,2025,2025-04-24
Josh Norris,6,6,45.166890681003586,43.166666666666664,0.45166890681003585,0.8321572580645161,0.2614247311827957,0.19304435483870966,7.011592741935484,2020,2025,2025-04-23
Justin Fried,1,1,45.16129032258064,42.0,0.4516129032258064,0.8387096774193549,0.2580645161290322,0.1290322580645161,8.870967741935484,2022,2022,2022-04-28
Jeremy Bissett,4,4,44.909274193548384,42.75,0.4490927419354839,0.8109879032258065,0.26814516129032256,0.15700604838709678,9.24773185483871,2021,2024,2024-04-20
Clint Lamb,1,1,44.79166666666667,43.0,0.4479166666666667,0.78125,0.28125,0.21875,8.4375,2021,2021,2021-04-12
Ely Allen,1,1,44.79166666666667,43.0,0.4479166666666667,0.78125,0.28125,0.28125,12.6875,2025,2025,2025-04-16
Jeremy Betz,1,1,44.79166666666667,43.0,0.4479166666666667,0.78125,0.28125,0.28125,11.5,2025,2025,2025-04-23
Cole Thompson,1,1,44.79166666666667,43.0,0.4479166666666667,0.84375,0.25,0.21875,11.0625,2025,2025,2025-04-24
Donnie Druin,1,1,44.79166666666667,43.0,0.4479166666666667,0.84375,0.25,0.15625,9.125,2022,2022,2022-04-28
Jesse Pantuosco,1,1,44.79166666666667,43.0,0.4479166666666667,0.84375,0.25,0.0625,9.90625,2022,2022,2022-04-25
Johnny McGonigal,2,2,44.79166666666667,43.0,0.4479166666666667,0.84375,0.25,0.25,8.875,2024,2025,2025-04-22
Marco Enriquez,1,1,44.79166666666667,43.0,0.4479166666666667,0.84375,0.25,0.15625,8.46875,2024,2024,2024-04-24
Miguel Carias,1,1,44.79166666666667,43.0,0.4479166666666667,0.84375,0.25,0.125,11.375,2022,2022,2022-04-24
Mike Nicastro,1,1,44.79166666666667,43.0,0.4479166666666667,0.84375,0.25,0.15625,6.125,2024,2024,2024-04-20
Ray Mencio,1,1,44.79166666666667,43.0,0.4479166666666667,0.84375,0.25,0.1875,5.25,2024,2024,2024-04-25
Tim Lettiero,1,1,44.79166666666667,43.0,0.4479166666666667,0.84375,0.25,0.21875,5.46875,2024,2024,2024-04-23
Ryan McCrystal,2,2,44.791666666666664,43.0,0.44791666666666663,0.8125,0.265625,0.203125,7.6875,2021,2022,2022-04-28
Michael Middlehurst-Schwartz,5,5,44.63709677419355,42.6,0.4463709677419355,0.8491935483870968,0.24495967741935484,0.2133064516129032,7.179233870967742,2021,2025,2025-04-24
Anthony Rizzuti,3,3,44.45564516129033,42.333333333333336,0.4445564516129032,0.830981182795699,0.2513440860215054,0.18817204301075266,8.31518817204301,2023,2025,2025-04-24
Andrew Erickson,5,5,44.401881720430104,42.4,0.4440188172043011,0.8300403225806452,0.251008064516129,0.2004032258064516,7.226612903225806,2021,2025,2025-04-24
Jason Pruett,6,6,44.321236559139784,42.333333333333336,0.4432123655913978,0.8165322580645161,0.2565524193548387,0.19842069892473116,7.932795698924731,2020,2025,2025-04-23
Matt Youmans,4,4,44.30443548387097,42.25,0.4430443548387097,0.8422379032258065,0.24344758064516128,0.20413306451612903,9.537298387096774,2022,2025,2025-04-16
Richie Bradshaw,2,2,44.270833333333336,42.5,0.44270833333333337,0.796875,0.265625,0.21875,11.609375,2024,2025,2025-04-24
Trevor Sikkema,5,5,44.233870967741936,42.2,0.4423387096774193,0.8362903225806452,0.24536290322580645,0.20100806451612901,7.419556451612903,2021,2025,2025-04-23
Russell Brown,3,3,44.22043010752688,42.0,0.4422043010752688,0.8420698924731184,0.2422715053763441,0.17842741935483872,8.323924731182796,2023,2025,2025-04-24
Chet Gresham,3,3,44.209229390681,42.0,0.44209229390681,0.863239247311828,0.2315188172043011,0.16834677419354838,6.560483870967741,2022,2024,2024-04-25
Roy Countryman,3,3,44.153225806451616,42.0,0.4415322580645162,0.821236559139785,0.2516801075268817,0.14616935483870966,8.56149193548387,2021,2024,2024-04-24
Kevin Fielder,1,1,44.08602150537634,41.0,0.4408602150537634,0.8064516129032258,0.2580645161290322,0.1935483870967742,8.096774193548388,2023,2023,2023-04-26
Matthew Freedman,6,6,43.968413978494624,42.0,0.43968413978494625,0.8482862903225806,0.23538306451612903,0.18279569892473116,7.006552419354839,2020,2025,2025-04-24
Lance Zierlein,6,6,43.96281362007168,42.0,0.43962813620071683,0.8477822580645161,0.23555107526881722,0.18783602150537634,6.904569892473119,2020,2025,2025-04-24
Tim Murray,2,2,43.86760752688172,41.5,0.4386760752688172,0.8412298387096775,0.2373991935483871,0.18901209677419356,6.168850806451613,2023,2024,2024-04-24
Daniel Jeremiah,6,6,43.817204301075265,41.833333333333336,0.4381720430107527,0.8323252688172044,0.24109543010752688,0.18850806451612903,6.802083333333333,2020,2025,2025-04-23
Steven Cheah,4,4,43.80880376344086,41.75,0.43808803763440857,0.8117439516129032,0.25126008064516125,0.16481854838709678,8.773185483870968,2022,2025,2025-04-23
Nate Bouda,6,6,43.79480286738351,41.833333333333336,0.4379480286738351,0.822244623655914,0.24579973118279572,0.19842069892473116,8.732022849462366,2020,2025,2025-04-21
Charles Davis,6,6,43.78920250896058,41.833333333333336,0.43789202508960573,0.8113239247311829,0.2511760752688172,0.20883736559139784,7.560987903225807,2020,2025,2025-04-23
Joe Gilbert,1,1,43.75,42.0,0.4375,0.6875,0.3125,0.28125,12.125,2021,2021,2021-04-29
Dave Zangaro,1,1,43.75,42.0,0.4375,0.75,0.28125,0.125,7.6875,2021,2021,2021-04-26
Ian Hartitz,1,1,43.75,42.0,0.4375,0.75,0.28125,0.25,8.1875,2021,2021,2021-04-28
Jeremy Hayes,1,1,43.75,42.0,0.4375,0.75,0.28125,0.1875,8.15625,2021,2021,2021-04-27
Andrew Falce,1,1,43.75,42.0,0.4375,0.8125,0.25,0.21875,7.25,2024,2024,2024-04-24
Chris Roling,1,1,43.75,42.0,0.4375,0.8125,0.25,0.21875,5.71875,2024,2024,2024-04-23
FanNation,1,1,43.75,42.0,0.4375,0.8125,0.25,0.1875,6.03125,2024,2024,2024-04-19
Geoffrey Godfrey,1,1,43.75,42.0,0.4375,0.8125,0.25,0.125,12.75,2022,2022,2022-04-25
Justin Ockun,1,1,43.75,42.0,0.4375,0.8125,0.25,0.21875,9.03125,2024,2024,2024-04-18
Matt Kelley,1,1,43.75,42.0,0.4375,0.8125,0.25,0.21875,10.53125,2025,2025,2025-04-23
Matthew Valdovinos,1,1,43.75,42.0,0.4375,0.8125,0.25,0.21875,8.34375,2021,2021,2021-04-10
Mike Schneid,1,1,43.75,42.0,0.4375,0.8125,0.25,0.21875,6.46875,2021,2021,2021-04-28
Peter Jurich,1,1,43.75,42.0,0.4375,0.8125,0.25,0.1875,7.0625,2024,2024,2024-04-22
Sean T. McGuire,1,1,43.75,42.0,0.4375,0.8125,0.25,0.15625,11.25,2022,2022,2022-04-25
Vinny Somma,1,1,43.75,42.0,0.4375,0.8125,0.25,0.1875,8.15625,2020,2020,2020-04-14
Alan Saunders,2,2,43.75,42.0,0.4375,0.84375,0.234375,0.171875,6.90625,2023,2024,2024-04-22
Peter Schrager,6,6,43.75,41.833333333333336,0.4375,0.8531586021505376,0.22967069892473116,0.1880040322580645,7.070900537634408,2020,2025,2025-04-23
Timo Riske,1,1,43.75,42.0,0.4375,0.875,0.21875,0.1875,8.0625,2024,2024,2024-04-24
Tim Twentyman,1,1,43.67816091954023,38.0,0.4367816091954023,0.8275862068965517,0.2413793103448276,0.1724137931034483,6.586206896551724,2024,2024,2024-04-24
Jonathan Jones,6,6,43.615591397849464,41.666666666666664,0.43615591397849457,0.8272849462365591,0.24059139784946237,0.18296370967741934,7.405073924731183,2020,2025,2025-04-21
Matthew Jones,3,3,43.503584229390675,41.333333333333336,0.43503584229390685,0.8420698924731184,0.2315188172043011,0.17842741935483872,7.895497311827957,2023,2025,2025-04-24
Ben Allbright,3,3,43.413978494623656,41.333333333333336,0.4341397849462365,0.799731182795699,0.2513440860215054,0.25100806451612906,7.517137096774193,2020,2023,2023-04-26
Jim Derry,1,1,43.333333333333336,13.0,0.4333333333333333,0.9,0.2,0.4,4.2,2023,2023,2023-04-26
Mathis Gaglione,1,1,43.333333333333336,13.0,0.4333333333333333,0.9,0.2,0.1,11.2,2022,2022,2022-04-24
Ryan Pawloski,2,2,43.229166666666664,41.5,0.43229166666666663,0.796875,0.25,0.234375,8.796875,2021,2024,2024-04-20
Dakota Cox,2,2,43.229166666666664,41.5,0.43229166666666663,0.828125,0.234375,0.203125,6.671875,2021,2022,2022-04-24
Danny Kelly,2,2,43.229166666666664,41.5,0.43229166666666663,0.828125,0.234375,0.25,6.75,2020,2024,2024-04-24
Omar Kelly,2,2,43.229166666666664,41.5,0.43229166666666663,0.828125,0.234375,0.15625,11.890625,2021,2022,2022-04-25
Jeff Bell,2,2,43.229166666666664,41.5,0.43229166666666663,0.859375,0.21875,0.203125,8.421875,2024,2025,2025-04-24
Connor Rogers,3,3,43.178763440860216,41.0,0.4317876344086022,0.852486559139785,0.22143817204301075,0.18918010752688172,7.626680107526881,2023,2025,2025-04-23
Sean Koerner,3,3,43.16756272401434,41.0,0.43167562724014336,0.8528225806451614,0.2211021505376344,0.1797715053763441,6.766801075268817,2021,2023,2023-04-27
Harris Oates,3,3,43.06675627240143,41.0,0.43066756272401435,0.7893145161290324,0.2513440860215054,0.13608870967741934,9.931451612903226,2021,2023,2023-04-26
Dan Kadar,3,3,43.055555555555564,41.333333333333336,0.4305555555555556,0.7916666666666666,0.25,0.22916666666666666,8.84375,2020,2025,2025-04-24
Ben Axelrod,4,4,43.01915322580645,41.0,0.4301915322580645,0.803679435483871,0.24344758064516128,0.21169354838709678,7.569808467741936,2020,2024,2024-04-25
Dustin Nelson,1,1,43.01075268817204,40.0,0.4301075268817204,0.7096774193548387,0.2903225806451613,0.2580645161290322,14.709677419354838,2023,2023,2023-04-23
Dave Bryan,1,1,43.01075268817204,40.0,0.4301075268817204,0.7741935483870968,0.2580645161290322,0.1935483870967742,11.03225806451613,2023,2023,2023-04-26
Diante Lee,1,1,43.01075268817204,40.0,0.4301075268817204,0.7741935483870968,0.2580645161290322,0.0967741935483871,11.451612903225806,2023,2023,2023-04-12
Brittney Flinn,1,1,43.01075268817204,40.0,0.4301075268817204,0.8387096774193549,0.2258064516129032,0.0967741935483871,7.580645161290323,2023,2023,2023-04-19
Justin Worsley,1,1,43.01075268817204,40.0,0.4301075268817204,0.8387096774193549,0.2258064516129032,0.1935483870967742,6.483870967741935,2023,2023,2023-04-21
Kyle Stackpole,4,4,42.96034946236559,41.0,0.4296034946236559,0.8503024193548387,0.2192540322580645,0.17288306451612903,7.501008064516129,2022,2025,2025-04-23
Brad Spielberger,2,2,42.943548387096776,40.5,0.42943548387096775,0.872983870967742,0.20766129032258066,0.11139112903225805,8.656754032258064,2022,2023,2023-04-27
Logan Ulrich,6,6,42.786738351254485,40.833333333333336,0.42786738351254483,0.8326612903225806,0.22547043010752688,0.20917338709677416,6.910282258064516,2020,2025,2025-04-23
Hayden Winks,5,5,42.755376344086024,40.8,0.4275537634408602,0.842741935483871,0.21995967741935485,0.16330645161290322,6.690120967741936,2021,2025,2025-04-23
Jon Ledyard,3,3,42.708333333333336,41.0,0.4270833333333333,0.8020833333333334,0.23958333333333334,0.20833333333333334,8.510416666666666,2020,2022,2022-04-27
Benjamin Solak,2,2,42.708333333333336,41.0,0.42708333333333337,0.8125,0.234375,0.234375,6.421875,2021,2024,2024-04-25
Jake Rosen,3,3,42.708333333333336,41.0,0.4270833333333333,0.84375,0.21875,0.16666666666666666,6.916666666666667,2023,2025,2025-04-24
Ryan Phillips,2,2,42.70833333333333,41.0,0.4270833333333333,0.75,0.265625,0.234375,8.578125,2020,2021,2021-04-13
A.J. Schulte,1,1,42.70833333333333,41.0,0.4270833333333333,0.78125,0.25,0.25,8.25,2021,2021,2021-04-24
Ayrton Ostly,1,1,42.70833333333333,41.0,0.4270833333333333,0.78125,0.25,0.28125,11.59375,2025,2025,2025-04-24
Daulton Drew,1,1,42.70833333333333,41.0,0.4270833333333333,0.78125,0.25,0.1875,7.96875,2024,2024,2024-04-16
John Laub,1,1,42.70833333333333,41.0,0.4270833333333333,0.78125,0.25,0.09375,7.84375,2021,2021,2021-04-27
Josh Schrock,1,1,42.70833333333333,41.0,0.4270833333333333,0.78125,0.25,0.21875,6.75,2021,2021,2021-04-29
Kyle Newman,1,1,42.70833333333333,41.0,0.4270833333333333,0.78125,0.25,0.15625,8.1875,2024,2024,2024-04-22
Matt Miller,1,1,42.70833333333333,41.0,0.4270833333333333,0.78125,0.25,0.25,8.5625,2020,2020,2020-04-22
Mike Freeman,1,1,42.70833333333333,41.0,0.4270833333333333,0.78125,0.25,0.1875,9.0,2020,2020,2020-04-21
Aaron Jurkowitz,1,1,42.70833333333333,41.0,0.4270833333333333,0.84375,0.21875,0.28125,10.25,2025,2025,2025-04-21
Alfredo Brown,1,1,42.70833333333333,41.0,0.4270833333333333,0.84375,0.21875,0.21875,10.5625,2025,2025,2025-04-24
Andrew Cooper,1,1,42.70833333333333,41.0,0.4270833333333333,0.84375,0.21875,0.21875,7.625,2024,2024,2024-04-22
Andy Young,1,1,42.70833333333333,41.0,0.4270833333333333,0.84375,0.21875,0.1875,5.4375,2024,2024,2024-04-17
Brooks Kubena,1,1,42.70833333333333,41.0,0.4270833333333333,0.84375,0.21875,0.15625,11.34375,2022,2022,2022-04-23
Jeremy Klump,1,1,42.70833333333333,41.0,0.4270833333333333,0.84375,0.21875,0.15625,6.46875,2024,2024,2024-04-17
Reese Jones,1,1,42.70833333333333,41.0,0.4270833333333333,0.84375,0.21875,0.125,10.5,2022,2022,2022-04-27
Richard Bradshaw,1,1,42.70833333333333,41.0,0.4270833333333333,0.84375,0.21875,0.125,6.9375,2020,2020,2020-04-23
Ryan Roberts,1,1,42.70833333333333,41.0,0.4270833333333333,0.84375,0.21875,0.125,6.40625,2024,2024,2024-04-25
Tyler Dragon,1,1,42.70833333333333,41.0,0.4270833333333333,0.84375,0.21875,0.25,10.9375,2025,2025,2025-04-18
Andrew Caley,3,3,42.4171146953405,40.333333333333336,0.424171146953405,0.852486559139785,0.21001344086021503,0.15759408602150538,6.395497311827957,2023,2025,2025-04-23
Brian Johannes,3,3,42.37231182795699,40.333333333333336,0.4237231182795698,0.8316532258064516,0.21975806451612903,0.21942204301075266,7.706317204301075,2021,2023,2023-04-26
Rob Staton,3,3,42.36111111111111,40.666666666666664,0.4236111111111111,0.8333333333333334,0.21875,0.16666666666666666,8.645833333333334,2022,2025,2025-04-23
Ryan Wilson,6,6,42.209901433691755,40.333333333333336,0.4220990143369176,0.8062836021505376,0.2300067204301075,0.16717069892473116,9.025033602150538,2020,2025,2025-04-24
Jimmy Kempski,6,6,42.204301075268816,40.333333333333336,0.4220430107526882,0.8373655913978495,0.2143817204301075,0.1880040322580645,7.951444892473119,2020,2025,2025-04-23
Andrew Aziz,4,4,42.1875,40.5,0.421875,0.796875,0.234375,0.140625,10.3046875,2021,2024,2024-04-25
Josh Frey,2,2,42.1875,40.5,0.421875,0.796875,0.234375,0.140625,9.421875,2022,2023,2023-04-21
Nick Jacobs,2,2,42.137096774193544,40.0,0.4213709677419355,0.8245967741935484,0.219758064516129,0.219758064516129,7.939516129032258,2023,2025,2025-04-23
Jacob Infante,5,5,42.11021505376344,40.2,0.4211021505376344,0.8116935483870968,0.2258064516129032,0.18810483870967742,10.306854838709677,2020,2025,2025-04-24
Cody Benjamin,6,6,42.053091397849464,40.166666666666664,0.42053091397849457,0.8116599462365591,0.22496639784946237,0.16263440860215053,9.74815188172043,2020,2025,2025-04-22
Sean Balzer,3,3,42.02508960573477,40.0,0.42025089605734767,0.8629032258064516,0.19892473118279572,0.15725806451612903,8.332325268817204,2023,2025,2025-04-23
James Dator,3,3,42.013888888888886,40.333333333333336,0.42013888888888884,0.8229166666666666,0.21875,0.21875,10.0625,2021,2025,2025-04-21
Andrew Albin,1,1,41.935483870967744,39.0,0.4193548387096774,0.8064516129032258,0.2258064516129032,0.1612903225806451,8.451612903225806,2023,2023,2023-04-25
Chris Schubert,1,1,41.935483870967744,39.0,0.4193548387096774,0.8064516129032258,0.2258064516129032,0.1612903225806451,8.419354838709678,2023,2023,2023-04-26
Frank T. Raines,1,1,41.935483870967744,39.0,0.4193548387096774,0.8064516129032258,0.2258064516129032,0.0967741935483871,9.935483870967742,2023,2023,2023-04-24
Joe Schad,4,4,41.927083333333336,40.25,0.41927083333333337,0.7890625,0.234375,0.21875,9.328125,2020,2025,2025-04-17
Connor Allen,3,3,41.9212962962963,39.333333333333336,0.4192129629629629,0.8298611111111112,0.21388888888888888,0.11666666666666665,7.239583333333333,2023,2025,2025-04-24
Adam Aizer,2,2,41.81787634408602,39.5,0.4181787634408602,0.8099798387096775,0.2222782258064516,0.14314516129032256,9.749495967741936,2022,2023,2023-04-27
Daniel Kornhauser,3,3,41.78987455197133,39.666666666666664,0.41789874551971323,0.8101478494623656,0.2217741935483871,0.13676075268817203,8.388104838709678,2021,2023,2023-04-26
Joel Klatt,4,4,41.75067204301075,39.75,0.4175067204301075,0.7953629032258065,0.22857862903225806,0.22857862903225806,8.785534274193548,2020,2025,2025-04-21
Nate Davis,5,5,41.74059139784946,39.6,0.4174059139784946,0.8098790322580645,0.22116935483870964,0.16411290322580646,8.548790322580645,2021,2025,2025-04-21
Nick Barrett,4,4,41.71706989247312,39.75,0.4171706989247312,0.8266129032258065,0.21244959677419356,0.16507056451612903,7.545866935483871,2022,2025,2025-04-23
Andersen Pickard,1,1,41.66666666666667,40.0,0.4166666666666667,0.75,0.25,0.375,6.15625,2021,2021,2021-04-29
Andrew DiCecco,1,1,41.66666666666667,40.0,0.4166666666666667,0.75,0.25,0.1875,10.53125,2020,2020,2020-04-16
Daniel Kitchen,1,1,41.66666666666667,40.0,0.4166666666666667,0.75,0.25,0.21875,8.25,2021,2021,2021-04-27
Dylan Mickanen,1,1,41.66666666666667,40.0,0.4166666666666667,0.75,0.25,0.1875,9.53125,2021,2021,2021-04-28
Joe Bartel,1,1,41.66666666666667,40.0,0.4166666666666667,0.75,0.25,0.21875,14.53125,2025,2025,2025-04-16
Kamran Nia,1,1,41.66666666666667,40.0,0.4166666666666667,0.75,0.25,0.21875,9.8125,2021,2021,2021-04-26
Lance Cartelli,1,1,41.66666666666667,40.0,0.4166666666666667,0.75,0.25,0.25,9.125,2020,2020,2020-04-18
Media,1,1,41.66666666666667,40.0,0.4166666666666667,0.75,0.25,0.25,8.8125,2020,2020,2020-04-19
Brett Gibbons,2,2,41.66666666666667,40.0,0.4166666666666667,0.8125,0.21875,0.15625,8.703125,2021,2022,2022-04-27
Erich Richter,2,2,41.66666666666667,40.0,0.4166666666666667,0.8125,0.21875,0.171875,6.71875,2021,2024,2024-04-25
Jack Borowsky,1,1,41.66666666666667,40.0,0.4166666666666667,0.8125,0.21875,0.1875,7.28125,2021,2021,2021-04-25
Kory Woods,1,1,41.66666666666667,40.0,0.4166666666666667,0.8125,0.21875,0.25,13.6875,2025,2025,2025-04-23
Manish Mehta,1,1,41.66666666666667,40.0,0.4166666666666667,0.8125,0.21875,0.1875,7.3125,2020,2020,2020-04-22
Ryan Novozinsky,1,1,41.66666666666667,40.0,0.4166666666666667,0.8125,0.21875,0.28125,13.6875,2025,2025,2025-04-14
Sean Newcomb,1,1,41.66666666666667,40.0,0.4166666666666667,0.8125,0.21875,0.25,10.875,2025,2025,2025-04-23
Bill Huber,1,1,41.66666666666667,40.0,0.4166666666666667,0.875,0.1875,0.21875,11.5,2025,2025,2025-04-24
Danny Parkins,1,1,41.66666666666667,40.0,0.4166666666666667,0.875,0.1875,0.21875,10.5,2025,2025,2025-04-23
Charley Casserly,2,2,41.666666666666664,40.0,0.41666666666666663,0.78125,0.234375,0.1875,7.453125,2020,2021,2021-04-29
Kyle Crabbs,3,3,41.666666666666664,40.0,0.4166666666666667,0.8125,0.21875,0.15625,9.03125,2021,2025,2025-04-23
Nick Wright,2,2,41.666666666666664,40.0,0.41666666666666663,0.8125,0.21875,0.21875,10.640625,2024,2025,2025-04-14
Chris Tomasson,2,2,41.666666666666664,40.0,0.41666666666666663,0.84375,0.203125,0.171875,6.484375,2020,2024,2024-04-24
Peter King,4,4,41.64986559139785,39.75,0.4164986559139785,0.779233870967742,0.23513104838709678,0.2192540322580645,8.30922379032258,2020,2023,2023-04-24
Mike Kiwak,4,4,41.49025537634408,39.5,0.4149025537634409,0.8031754032258065,0.22076612903225806,0.18850806451612903,8.33366935483871,2021,2025,2025-04-23
Mike Mulhern,5,5,41.458333333333336,39.8,0.4145833333333333,0.81875,0.2125,0.15,8.53125,2021,2025,2025-04-24
Eric Edholm,5,5,41.45161290322581,39.6,0.4145161290322581,0.817741935483871,0.2129032258064516,0.18810483870967742,8.845766129032258,2021,2025,2025-04-21
Shane Hallam,4,4,41.40625,39.75,0.4140625,0.8515625,0.1953125,0.1484375,8.296875,2022,2025,2025-04-15
Kyle Dvorchak,3,3,41.37544802867384,39.333333333333336,0.41375448028673834,0.8205645161290324,0.2103494623655914,0.17842741935483872,6.950604838709677,2023,2025,2025-04-23
Joe Giglio,2,2,41.36424731182796,39.0,0.4136424731182796,0.7933467741935484,0.22379032258064516,0.1441532258064516,7.470766129032258,2020,2021,2021-04-23
C.J. Doon,3,3,41.31944444444445,39.666666666666664,0.4131944444444445,0.8020833333333334,0.21875,0.15625,7.21875,2020,2024,2024-04-25
Vinnie Iyer,5,5,41.25,39.6,0.4125,0.7875,0.225,0.175,9.4375,2020,2024,2024-04-25
Brad Weiss,2,2,41.22983870967742,39.0,0.4122983870967742,0.8568548387096775,0.19002016129032256,0.11088709677419355,10.569556451612904,2022,2023,2023-04-26
Joe Serpico,2,2,41.21303763440861,39.0,0.412130376344086,0.8251008064516129,0.20564516129032256,0.15826612903225806,7.995967741935484,2023,2024,2024-04-25
Kevin Hickey,2,2,41.196236559139784,39.0,0.41196236559139787,0.8256048387096775,0.20514112903225806,0.157258064516129,8.07157258064516,2023,2024,2024-04-19
Pete Prisco,6,6,41.17383512544803,39.333333333333336,0.4117383512544803,0.8481182795698925,0.19354838709677416,0.167002688172043,7.621639784946237,2020,2025,2025-04-24
Cletis Cutts,4,4,41.17103494623656,39.25,0.4117103494623656,0.8107358870967742,0.21219758064516128,0.16507056451612903,8.149445564516128,2021,2024,2024-04-15
Daniel Spencer,2,2,41.145833333333336,39.5,0.41145833333333337,0.765625,0.234375,0.234375,8.765625,2020,2021,2021-04-29
Mike Tagliere,2,2,41.145833333333336,39.5,0.41145833333333337,0.765625,0.234375,0.203125,7.53125,2020,2021,2021-04-26
Benjamin Allbright,2,2,41.145833333333336,39.5,0.41145833333333337,0.859375,0.1875,0.171875,8.796875,2024,2025,2025-04-23
Matt Verderame,2,2,41.145833333333336,39.5,0.41145833333333337,0.859375,0.1875,0.140625,9.828125,2024,2025,2025-04-10
Chris Gregory,2,2,41.14583333333333,39.5,0.4114583333333333,0.828125,0.203125,0.21875,11.0,2024,2025,2025-04-21
Garrett Podell,3,3,41.073028673835125,39.0,0.41073028673835127,0.830981182795699,0.2006048387096774,0.17943548387096775,7.577284946236559,2023,2025,2025-04-20
Cody Zeeb,3,3,41.06182795698925,39.0,0.4106182795698925,0.8528225806451614,0.1895161290322581,0.14751344086021503,8.744959677419354,2023,2025,2025-04-13
Dane Brugler,3,3,41.01702508960574,39.0,0.41017025089605735,0.8521505376344086,0.18918010752688172,0.15759408602150538,6.272513440860216,2023,2025,2025-04-24
Jaime Eisner,4,4,40.877016129032256,39.0,0.40877016129032256,0.8029233870967742,0.21169354838709678,0.1801915322580645,9.071068548387096,2021,2025,2025-04-18
Phil Perry,5,5,40.873655913978496,39.0,0.4087365591397849,0.8237903225806452,0.20120967741935486,0.18205645161290324,8.331653225806452,2020,2025,2025-04-24
Andrew Freeman,1,1,40.86021505376344,38.0,0.4086021505376344,0.7741935483870968,0.2258064516129032,0.1290322580645161,11.225806451612904,2023,2023,2023-04-24
Isaac Nelson,1,1,40.86021505376344,38.0,0.4086021505376344,0.8387096774193549,0.1935483870967742,0.1935483870967742,6.580645161290323,2023,2023,2023-04-22
Dan Hope,5,5,40.82661290322581,39.0,0.4082661290322581,0.8110887096774194,0.2068548387096774,0.2008064516129032,8.134677419354839,2020,2025,2025-04-23
Rob Maaddi,2,2,40.809811827956985,38.5,0.4080981182795699,0.8089717741935484,0.20766129032258066,0.2071572580645161,8.184979838709678,2023,2024,2024-04-16
Freddie Boston,2,2,40.725806451612904,38.5,0.407258064516129,0.841733870967742,0.19002016129032256,0.15776209677419356,6.524193548387097,2023,2024,2024-04-19
Kent Weyrauch,3,3,40.71460573476703,38.666666666666664,0.40714605734767023,0.8424059139784946,0.1895161290322581,0.14684139784946237,7.450604838709677,2023,2025,2025-04-23
Glynn Morgan,3,3,40.66980286738351,38.666666666666664,0.40669802867383514,0.8000672043010754,0.21001344086021503,0.14616935483870966,8.035618279569894,2021,2024,2024-04-24
Thor Nystrom,6,6,40.66420250896058,38.833333333333336,0.40664202508960573,0.8113239247311829,0.20430107526881722,0.14079301075268816,8.789650537634408,2020,2025,2025-04-23
DJ Boyer,2,2,40.625,39.0,0.40625,0.71875,0.25,0.234375,10.984375,2020,2021,2021-04-23
Logan Jakubajtys,1,1,40.625,39.0,0.40625,0.71875,0.25,0.1875,11.65625,2020,2020,2020-04-20
Nick Klopsis,1,1,40.625,39.0,0.40625,0.71875,0.25,0.21875,7.03125,2021,2021,2021-04-28
Peter Burtnett,1,1,40.625,39.0,0.40625,0.71875,0.25,0.125,9.875,2020,2020,2020-04-16
Alexi Iafrato,1,1,40.625,39.0,0.40625,0.78125,0.21875,0.15625,7.84375,2021,2021,2021-04-29
Andrew Lalama,1,1,40.625,39.0,0.40625,0.78125,0.21875,0.25,8.75,2020,2020,2020-04-16
Brent Sobleski,2,2,40.625,39.0,0.40625,0.78125,0.21875,0.15625,10.0,2020,2025,2025-04-24
Brian Miller,1,1,40.625,39.0,0.40625,0.78125,0.21875,0.15625,7.78125,2020,2020,2020-04-20
Gentry Estes,1,1,40.625,39.0,0.40625,0.78125,0.21875,0.1875,7.375,2021,2021,2021-04-26
Gordon McGuinness,2,2,40.625,39.0,0.40625,0.78125,0.21875,0.21875,11.578125,2024,2025,2025-04-22
Halil's Real Footballtalk,1,1,40.625,39.0,0.40625,0.78125,0.21875,0.125,9.5,2023,2023,2023-04-25
Jason Ramirez,1,1,40.625,39.0,0.40625,0.78125,0.21875,0.28125,6.25,2021,2021,2021-04-29
Mark Johnson,1,1,40.625,39.0,0.40625,0.78125,0.21875,0.21875,7.875,2020,2020,2020-04-17
Mark Maske,1,1,40.625,39.0,0.40625,0.78125,0.21875,0.125,13.40625,2022,2022,2022-04-27
Neal Driscoll,1,1,40.625,39.0,0.40625,0.78125,0.21875,0.1875,8.90625,2020,2020,2020-04-10
Reuben Frank,3,3,40.625,39.0,0.40625,0.8229166666666666,0.19791666666666666,0.17708333333333334,8.8125,2021,2025,2025-04-23
Adam Stites,2,2,40.625,39.0,0.40625,0.84375,0.1875,0.1875,8.875,2024,2025,2025-04-23
Collin Haalboom,1,1,40.625,39.0,0.40625,0.84375,0.1875,0.15625,9.90625,2022,2022,2022-04-26
Dylan Chappine,1,1,40.625,39.0,0.40625,0.84375,0.1875,0.125,9.6875,2022,2022,2022-04-27
Grant Tuttle,1,1,40.625,39.0,0.40625,0.84375,0.1875,0.03125,10.9375,2022,2022,2022-04-13
Jacob Louque,1,1,40.625,39.0,0.40625,0.84375,0.1875,0.125,9.1875,2022,2022,2022-04-28
Joe DeLeone,1,1,40.625,39.0,0.40625,0.84375,0.1875,0.0625,11.4375,2025,2025,2025-04-10
John Shipley,1,1,40.625,39.0,0.40625,0.84375,0.1875,0.1875,11.5,2025,2025,2025-04-23
Kurt Blakeway,1,1,40.625,39.0,0.40625,0.84375,0.1875,0.21875,11.6875,2025,2025,2025-04-22
Kyle Lindemann,1,1,40.625,39.0,0.40625,0.84375,0.1875,0.15625,6.09375,2024,2024,2024-04-23
Kyler Cress,1,1,40.625,39.0,0.40625,0.84375,0.1875,0.09375,10.71875,2022,2022,2022-04-28
Luke Reimer,1,1,40.625,39.0,0.40625,0.84375,0.1875,0.09375,11.4375,2022,2022,2022-04-27
Matt Stopsky,1,1,40.625,39.0,0.40625,0.84375,0.1875,0.25,10.75,2025,2025,2025-04-21
Michael Fabiano,2,2,40.625,39.0,0.40625,0.84375,0.1875,0.234375,9.65625,2021,2025,2025-04-17
Mike Luchene,1,1,40.625,39.0,0.40625,0.84375,0.1875,0.125,6.5625,2024,2024,2024-04-25
Ryan Mink,1,1,40.625,39.0,0.40625,0.84375,0.1875,0.1875,11.15625,2025,2025,2025-04-24
Ryan Schlipp,1,1,40.625,39.0,0.40625,0.84375,0.1875,0.15625,8.5625,2022,2022,2022-04-28
Sam Teets,3,3,40.625,39.0,0.40625,0.84375,0.1875,0.14583333333333334,7.635416666666667,2022,2025,2025-04-23
Keith Sanchez,3,3,40.62499999999999,39.0,0.40625,0.8020833333333334,0.20833333333333334,0.16666666666666666,11.291666666666666,2022,2025,2025-04-23
Josh Edwards,6,6,40.479390681003586,38.666666666666664,0.40479390681003585,0.7960349462365591,0.20917338709677416,0.17271505376344085,8.495631720430106,2020,2025,2025-04-23
Tyler Sullivan,5,5,40.416666666666664,38.8,0.4041666666666666,0.8,0.20625,0.15625,9.5375,2020,2025,2025-04-19
Brad Biggs,4,4,40.381384408602145,38.5,0.4038138440860215,0.819304435483871,0.19606854838709678,0.17313508064516128,7.461945564516129,2020,2025,2025-04-23
Matt Johnson,3,3,40.30017921146953,38.333333333333336,0.40300179211469533,0.810483870967742,0.19926075268817203,0.13608870967741934,7.245631720430107,2021,2024,2024-04-24
Jason Bantle,3,3,40.27777777777778,38.666666666666664,0.40277777777777785,0.7916666666666666,0.20833333333333334,0.14583333333333334,11.072916666666666,2022,2024,2024-04-25
Logan Lamorandier,3,3,40.27777777777778,38.666666666666664,0.40277777777777773,0.8125,0.19791666666666666,0.16666666666666666,7.885416666666667,2020,2022,2022-04-27
HC Green,3,3,40.2105734767025,38.333333333333336,0.402105734767025,0.788978494623656,0.20866935483870966,0.22009408602150538,9.977822580645162,2023,2025,2025-04-22
Ryan Noonan,4,4,40.1377688172043,38.25,0.401377688172043,0.8422379032258065,0.18094758064516128,0.14919354838709678,7.996975806451613,2022,2025,2025-04-24
Brian Lamb,2,2,40.10416666666667,38.5,0.4010416666666667,0.796875,0.203125,0.171875,11.078125,2024,2025,2025-04-24
John Clayton,2,2,40.104166666666664,38.5,0.40104166666666663,0.796875,0.203125,0.171875,7.875,2020,2021,2021-04-28
Levi Damien,2,2,40.104166666666664,38.5,0.40104166666666663,0.796875,0.203125,0.171875,8.171875,2021,2024,2024-04-19
Owain Jones,2,2,40.104166666666664,38.5,0.40104166666666663,0.796875,0.203125,0.234375,9.5,2021,2025,2025-04-16
Joe Marino,2,2,40.104166666666664,38.5,0.40104166666666663,0.859375,0.171875,0.1875,7.875,2021,2022,2022-04-27
Nick O'Malley,4,4,39.944556451612904,37.75,0.399445564516129,0.7850302419354839,0.2066532258064516,0.1265120967741935,9.613407258064516,2021,2025,2025-04-21
Brian Bosarge,4,4,39.936155913978496,38.0,0.39936155913978494,0.8190524193548387,0.18951612903225806,0.13356854838709678,8.792590725806452,2022,2025,2025-04-24
Bruce Nolan,3,3,39.908154121863795,38.0,0.399081541218638,0.7993951612903226,0.19892473118279572,0.135752688172043,8.88508064516129,2021,2024,2024-04-23
Jason La Canfora,4,4,39.86895161290323,38.0,0.39868951612903225,0.8029233870967742,0.19657258064516128,0.19606854838709678,8.910282258064516,2020,2023,2023-04-26
Sanaya Vakharia,1,1,39.784946236559136,37.0,0.3978494623655914,0.7419354838709677,0.2258064516129032,0.1290322580645161,11.290322580645162,2023,2023,2023-04-24
Bill Burt,1,1,39.784946236559136,37.0,0.3978494623655914,0.8064516129032258,0.1935483870967742,0.0967741935483871,9.64516129032258,2023,2023,2023-04-26
Scott Barrett,1,1,39.784946236559136,37.0,0.3978494623655914,0.8064516129032258,0.1935483870967742,0.1612903225806451,7.903225806451613,2023,2023,2023-04-26
Glenn Erby,1,1,39.784946236559136,37.0,0.3978494623655914,0.8709677419354839,0.1612903225806451,0.1935483870967742,7.709677419354839,2023,2023,2023-04-27
Matthew Betz,1,1,39.784946236559136,37.0,0.3978494623655914,0.8709677419354839,0.1612903225806451,0.1290322580645161,6.612903225806452,2023,2023,2023-04-20
Cody Carpentier,2,2,39.71774193548387,37.5,0.3971774193548387,0.872983870967742,0.1592741935483871,0.11088709677419355,10.797379032258064,2022,2023,2023-04-26
Daniel Garrett,2,2,39.700940860215056,37.5,0.3970094086021505,0.8724798387096775,0.1592741935483871,0.1748991935483871,7.364415322580645,2022,2023,2023-04-26
Luke Easterling,3,3,39.62962962962963,37.333333333333336,0.3962962962962963,0.8291666666666666,0.1798611111111111,0.13888888888888887,7.256944444444444,2020,2022,2022-04-28
Jason McIntyre,4,4,39.61693548387097,37.75,0.3961693548387097,0.7953629032258065,0.19657258064516128,0.14969758064516128,9.22101814516129,2020,2023,2023-04-24
Jenny Vrentas,2,2,39.583333333333336,38.0,0.39583333333333337,0.75,0.21875,0.171875,8.890625,2020,2021,2021-04-20
Cory Kinnan,2,2,39.583333333333336,38.0,0.39583333333333337,0.78125,0.203125,0.1875,13.71875,2023,2025,2025-04-18
Ethan Woodle,2,2,39.583333333333336,38.0,0.39583333333333337,0.78125,0.203125,0.15625,11.265625,2024,2025,2025-04-22
Kevin Hanson,3,3,39.583333333333336,38.0,0.3958333333333333,0.8125,0.1875,0.17708333333333334,7.34375,2020,2022,2022-04-28
Carter Landis,2,2,39.583333333333336,38.0,0.39583333333333337,0.84375,0.171875,0.171875,8.765625,2024,2025,2025-04-18
Clint Brakebill,1,1,39.58333333333333,38.0,0.3958333333333333,0.6875,0.25,0.25,9.9375,2020,2020,2020-04-18
Keegan Pope,1,1,39.58333333333333,38.0,0.3958333333333333,0.6875,0.25,0.28125,13.5625,2020,2020,2020-04-18
Zach Buckley,1,1,39.58333333333333,38.0,0.3958333333333333,0.6875,0.25,0.21875,8.78125,2020,2020,2020-04-13
Bowen Morrison,1,1,39.58333333333333,38.0,0.3958333333333333,0.75,0.21875,0.15625,12.375,2024,2024,2024-04-13
Brett Knight,1,1,39.58333333333333,38.0,0.3958333333333333,0.75,0.21875,0.15625,8.875,2020,2020,2020-04-15
David Kromelow,1,1,39.58333333333333,38.0,0.3958333333333333,0.75,0.21875,0.15625,10.5625,2022,2022,2022-04-11
Doug McCray,1,1,39.58333333333333,38.0,0.3958333333333333,0.75,0.21875,0.1875,6.6875,2024,2024,2024-04-23
Dr. Roto,1,1,39.58333333333333,38.0,0.3958333333333333,0.75,0.21875,0.1875,10.8125,2020,2020,2020-04-10
Frankie Taddeo,1,1,39.58333333333333,38.0,0.3958333333333333,0.75,0.21875,0.25,9.78125,2020,2020,2020-04-22
Joe Hopkins,1,1,39.58333333333333,38.0,0.3958333333333333,0.75,0.21875,0.125,7.75,2021,2021,2021-04-27
Montel Hardy,1,1,39.58333333333333,38.0,0.3958333333333333,0.75,0.21875,0.21875,8.84375,2021,2021,2021-04-23
Nick Farabaugh,1,1,39.58333333333333,38.0,0.3958333333333333,0.75,0.21875,0.125,12.875,2021,2021,2021-04-18
Skyler Carlin,1,1,39.58333333333333,38.0,0.3958333333333333,0.75,0.21875,0.15625,10.8125,2020,2020,2020-04-22
Dalton Miller,3,3,39.58333333333333,38.0,0.3958333333333333,0.7916666666666666,0.19791666666666666,0.17708333333333334,10.520833333333334,2021,2023,2023-04-24
Alexis Mansanarez,1,1,39.58333333333333,38.0,0.3958333333333333,0.8125,0.1875,0.15625,6.8125,2021,2021,2021-04-25
Antwan Staley,1,1,39.58333333333333,38.0,0.3958333333333333,0.8125,0.1875,0.125,13.40625,2025,2025,2025-04-19
Bob Morris,1,1,39.58333333333333,38.0,0.3958333333333333,0.8125,0.1875,0.125,6.5,2024,2024,2024-04-18
Dan Fornek,1,1,39.58333333333333,38.0,0.3958333333333333,0.8125,0.1875,0.21875,12.90625,2025,2025,2025-04-20
Eric Galko,1,1,39.58333333333333,38.0,0.3958333333333333,0.8125,0.1875,0.1875,6.4375,2024,2024,2024-04-22
J.T. Olson,1,1,39.58333333333333,38.0,0.3958333333333333,0.8125,0.1875,0.15625,9.25,2020,2020,2020-04-22
Jack David,1,1,39.58333333333333,38.0,0.3958333333333333,0.8125,0.1875,0.1875,7.1875,2024,2024,2024-04-17
Jonas Shaffer,1,1,39.58333333333333,38.0,0.3958333333333333,0.8125,0.1875,0.15625,11.1875,2025,2025,2025-04-21
Keith Sheeran,1,1,39.58333333333333,38.0,0.3958333333333333,0.8125,0.1875,0.15625,9.46875,2021,2021,2021-04-26
Matt Brandon,1,1,39.58333333333333,38.0,0.3958333333333333,0.8125,0.1875,0.1875,11.5,2025,2025,2025-04-22
Mauricio Rodriguez,1,1,39.58333333333333,38.0,0.3958333333333333,0.8125,0.1875,0.1875,9.0,2020,2020,2020-04-19
Mike Luciano,1,1,39.58333333333333,38.0,0.3958333333333333,0.8125,0.1875,0.15625,6.59375,2021,2021,2021-04-18
Nick Mongiovi,1,1,39.58333333333333,38.0,0.3958333333333333,0.8125,0.1875,0.21875,12.46875,2025,2025,2025-04-20
Safid Deen,1,1,39.58333333333333,38.0,0.3958333333333333,0.8125,0.1875,0.125,7.34375,2021,2021,2021-04-19
Scott Reynolds,1,1,39.58333333333333,38.0,0.3958333333333333,0.8125,0.1875,0.1875,11.375,2025,2025,2025-04-23
Theo Mackie,1,1,39.58333333333333,38.0,0.3958333333333333,0.8125,0.1875,0.21875,10.625,2025,2025,2025-04-24
William Herman,1,1,39.58333333333333,38.0,0.3958333333333333,0.8125,0.1875,0.25,11.65625,2025,2025,2025-04-20
Richard Janvrin,2,2,39.58333333333333,37.5,0.3958333333333333,0.8407258064516129,0.17338709677419356,0.1255040322580645,7.71875,2023,2025,2025-04-24
Charlie Wilson,1,1,39.58333333333333,38.0,0.3958333333333333,0.875,0.15625,0.15625,10.875,2025,2025,2025-04-24
David Latham,1,1,39.58333333333333,38.0,0.3958333333333333,0.875,0.15625,0.125,5.84375,2024,2024,2024-04-20
Landon Belote,1,1,39.58333333333333,38.0,0.3958333333333333,0.875,0.15625,0.1875,9.84375,2025,2025,2025-04-24
Shamus Clancy,1,1,39.58333333333333,38.0,0.3958333333333333,0.875,0.15625,0.125,9.375,2022,2022,2022-04-25
Jess Root,3,3,39.57213261648746,37.666666666666664,0.3957213261648745,0.8101478494623656,0.18850806451612903,0.16767473118279572,7.627688172043011,2021,2024,2024-04-24
Evan Silva,6,6,39.443324372759854,37.666666666666664,0.3944332437275986,0.8167002688172044,0.18329973118279572,0.15675403225806453,7.929603494623656,2020,2025,2025-04-24
Justin Melo,6,6,39.398521505376344,37.666666666666664,0.39398521505376344,0.7639448924731184,0.209005376344086,0.167002688172043,11.963541666666666,2020,2025,2025-04-23
Zack Pearson,5,5,39.388440860215056,37.6,0.39388440860215057,0.8046370967741936,0.18850806451612903,0.15705645161290321,9.112903225806452,2021,2025,2025-04-24
Dan Schneier,4,4,39.356518817204304,37.5,0.393565188172043,0.755796370967742,0.21244959677419356,0.15725806451612903,10.00327620967742,2020,2024,2024-04-23
Chris Trapasso,6,6,39.26411290322581,37.5,0.39264112903225806,0.7908266129032259,0.19354838709677416,0.13054435483870966,9.685819892473118,2020,2025,2025-04-24
Tony Pauline,3,3,39.236111111111114,37.666666666666664,0.39236111111111116,0.8020833333333334,0.1875,0.15625,8.479166666666666,2021,2023,2023-04-26
Liam Blutman,3,3,39.23611111111111,37.333333333333336,0.3923611111111111,0.7993951612903226,0.18884408602150538,0.16767473118279572,10.21606182795699,2023,2025,2025-04-24
Calvin Watkins,5,5,39.206989247311824,37.4,0.3920698924731183,0.7991935483870968,0.18850806451612903,0.18185483870967742,8.605040322580646,2020,2025,2025-04-21
Matt Lombardo,2,2,39.079301075268816,37.0,0.39079301075268813,0.8256048387096775,0.17338709677419356,0.1411290322580645,8.447076612903226,2021,2023,2023-04-25
Michael Renner,4,4,39.07090053763441,37.25,0.39070900537634407,0.7951108870967742,0.18850806451612903,0.18119959677419356,10.188760080645162,2021,2025,2025-04-24
Micky McKeon,2,2,39.0625,37.5,0.390625,0.765625,0.203125,0.1875,9.578125,2020,2021,2021-04-28
Brad Menendez,2,2,39.0625,37.5,0.390625,0.796875,0.1875,0.140625,8.5625,2023,2024,2024-04-24
Conor Orr,4,4,39.0625,37.5,0.390625,0.796875,0.1875,0.1875,10.671875,2021,2025,2025-04-22
Pat Fitzmaurice,2,2,39.0625,37.5,0.390625,0.796875,0.1875,0.1875,10.640625,2022,2025,2025-04-22
Mike Fanelli,4,4,39.0625,37.5,0.390625,0.8125,0.1796875,0.1953125,8.484375,2021,2024,2024-04-23
Ryan Kramer,2,2,39.0625,37.5,0.390625,0.828125,0.171875,0.140625,9.171875,2024,2025,2025-04-23
Cam Garrity,2,2,39.045698924731184,37.0,0.3904569892473118,0.7933467741935484,0.18901209677419356,0.126008064516129,9.633568548387096,2023,2024,2024-04-24
Michael Marino,3,3,38.95609318996416,37.0,0.3895609318996416,0.8313172043010754,0.16868279569892475,0.13608870967741934,9.651209677419354,2022,2025,2025-04-21
Bryan DeArdo,3,3,38.9336917562724,37.0,0.389336917562724,0.7896505376344086,0.18918010752688172,0.17842741935483872,10.044690860215054,2020,2025,2025-04-22
Pete Fiutak,3,3,38.88888888888889,37.333333333333336,0.3888888888888889,0.75,0.20833333333333334,0.15625,9.447916666666666,2020,2022,2022-04-27
Andrew Wilbar,3,3,38.88888888888889,37.333333333333336,0.3888888888888889,0.7708333333333334,0.19791666666666666,0.1875,9.791666666666666,2021,2023,2023-04-27
Bill Zimmerman,3,3,38.88888888888889,37.333333333333336,0.3888888888888889,0.8125,0.17708333333333334,0.125,8.4375,2023,2025,2025-04-24
Sam Farmer,6,6,38.888888888888886,37.166666666666664,0.3888888888888889,0.800739247311828,0.18296370967741934,0.15658602150537634,9.069556451612904,2020,2025,2025-04-23
Keith Lott,3,3,38.86648745519713,37.0,0.38866487455197135,0.8313172043010754,0.16733870967741934,0.12567204301075266,10.08904569892473,2022,2024,2024-04-25
Ryan Fowler,4,4,38.86088709677419,37.0,0.38860887096774194,0.8029233870967742,0.1814516129032258,0.19632056451612903,8.647933467741936,2021,2025,2025-04-23
Staff,108,6,38.849084859949556,36.842592592592595,0.38849084859949556,0.8010534896455596,0.18220952807646357,0.1594897036373291,9.041040256206028,2020,2025,2025-04-24
Seth Trachtman,4,4,38.81888440860215,37.0,0.3881888440860215,0.787046370967742,0.18876008064516128,0.1736391129032258,8.529233870967742,2020,2024,2024-04-18
David Howman,4,4,38.80208333333333,37.25,0.3880208333333333,0.8046875,0.1796875,0.1328125,9.3046875,2021,2024,2024-04-25
Sayre Bedinger,5,5,38.763440860215056,37.0,0.38763440860215054,0.8112903225806452,0.17580645161290323,0.1439516129032258,9.150201612903226,2021,2025,2025-04-22
Hart Pisani,1,1,38.70967741935484,36.0,0.3870967741935484,0.7096774193548387,0.2258064516129032,0.2580645161290322,9.580645161290322,2020,2020,2020-04-16
Heath Cummings,1,1,38.70967741935484,36.0,0.3870967741935484,0.7741935483870968,0.1935483870967742,0.1290322580645161,8.67741935483871,2023,2023,2023-04-24
Mike Kashuba,1,1,38.70967741935484,36.0,0.3870967741935484,0.7741935483870968,0.1935483870967742,0.1290322580645161,12.225806451612904,2023,2023,2023-04-12
Sam Farnsworth,1,1,38.70967741935484,36.0,0.3870967741935484,0.7741935483870968,0.1935483870967742,0.2258064516129032,8.193548387096774,2023,2023,2023-04-25
David P. Woods,1,1,38.70967741935484,36.0,0.3870967741935484,0.8387096774193549,0.1612903225806451,0.064516129032258,6.838709677419355,2023,2023,2023-04-26
Jonathan M. Alexander,1,1,38.70967741935484,36.0,0.3870967741935484,0.8387096774193549,0.1612903225806451,0.064516129032258,7.838709677419355,2023,2023,2023-04-23
Cam Marino,3,3,38.608870967741936,36.666666666666664,0.3860887096774193,0.779233870967742,0.1895161290322581,0.13676075268817203,8.715725806451614,2022,2024,2024-04-25
Sean Hammond,2,2,38.608870967741936,36.5,0.3860887096774194,0.8094758064516129,0.17439516129032256,0.1592741935483871,7.544858870967742,2023,2024,2024-04-21
Armando Salguero,2,2,38.575268817204304,36.5,0.385752688172043,0.8407258064516129,0.15826612903225806,0.15826612903225806,8.198084677419356,2023,2024,2024-04-22
Jake Oliver,2,2,38.575268817204304,36.5,0.385752688172043,0.872983870967742,0.14213709677419356,0.094758064516129,7.539314516129032,2022,2023,2023-04-26
Alec Pulido,1,1,38.54166666666667,37.0,0.3854166666666667,0.71875,0.21875,0.1875,11.53125,2021,2021,2021-04-12
Jess Overby,1,1,38.54166666666667,37.0,0.3854166666666667,0.71875,0.21875,0.1875,11.25,2021,2021,2021-04-29
Kevin Nogle,1,1,38.54166666666667,37.0,0.3854166666666667,0.71875,0.21875,0.1875,9.5625,2021,2021,2021-04-14
Ian Cummings,3,3,38.54166666666667,37.0,0.3854166666666667,0.7604166666666666,0.19791666666666666,0.1875,13.479166666666666,2021,2025,2025-04-19
Dalton Johnson & Josh Schrock,1,1,38.54166666666667,37.0,0.3854166666666667,0.78125,0.1875,0.0625,8.96875,2020,2020,2020-04-23
Daniel Belton,1,1,38.54166666666667,37.0,0.3854166666666667,0.78125,0.1875,0.1875,16.75,2025,2025,2025-04-17
Devin Jackson,1,1,38.54166666666667,37.0,0.3854166666666667,0.78125,0.1875,0.21875,14.09375,2025,2025,2025-04-23
Gary Gramling,1,1,38.54166666666667,37.0,0.3854166666666667,0.78125,0.1875,0.15625,9.90625,2021,2021,2021-04-24
John Molnar,1,1,38.54166666666667,37.0,0.3854166666666667,0.78125,0.1875,0.25,13.1875,2025,2025,2025-04-21
Jon Heath,1,1,38.54166666666667,37.0,0.3854166666666667,0.78125,0.1875,0.15625,8.25,2024,2024,2024-04-19
Jordy McElroy,1,1,38.54166666666667,37.0,0.3854166666666667,0.78125,0.1875,0.0,27.9375,2024,2024,2024-04-12
Joseph Harlow,1,1,38.54166666666667,37.0,0.3854166666666667,0.78125,0.1875,0.15625,7.875,2024,2024,2024-04-22
Matthew Paras & Adam Zielonka,1,1,38.54166666666667,37.0,0.3854166666666667,0.78125,0.1875,0.1875,7.1875,2020,2020,2020-04-15
Parker Gabriel,1,1,38.54166666666667,37.0,0.3854166666666667,0.78125,0.1875,0.1875,10.0625,2025,2025,2025-04-23
Zack Dietz,1,1,38.54166666666667,37.0,0.3854166666666667,0.78125,0.1875,0.09375,9.40625,2022,2022,2022-04-28
Bill Richette,1,1,38.54166666666667,37.0,0.3854166666666667,0.84375,0.15625,0.15625,8.4375,2022,2022,2022-04-28
Cannon Brisco,1,1,38.54166666666667,37.0,0.3854166666666667,0.84375,0.15625,0.1875,7.15625,2024,2024,2024-04-11
Dante Collinelli,1,1,38.54166666666667,37.0,0.3854166666666667,0.84375,0.15625,0.125,7.4375,2020,2020,2020-04-21
David Heilman,1,1,38.54166666666667,37.0,0.3854166666666667,0.84375,0.15625,0.15625,8.21875,2024,2024,2024-04-22
Eric Eager,1,1,38.54166666666667,37.0,0.3854166666666667,0.84375,0.15625,0.0625,10.65625,2022,2022,2022-04-19
Isaiah Benitez,1,1,38.54166666666667,37.0,0.3854166666666667,0.84375,0.15625,0.21875,10.625,2025,2025,2025-04-22
Jake Arians,1,1,38.54166666666667,37.0,0.3854166666666667,0.84375,0.15625,0.15625,7.40625,2021,2021,2021-04-26
Jason Sarney,1,1,38.54166666666667,37.0,0.3854166666666667,0.84375,0.15625,0.125,6.21875,2024,2024,2024-04-11
Paul Bretl,1,1,38.54166666666667,37.0,0.3854166666666667,0.84375,0.15625,0.125,5.71875,2024,2024,2024-04-24
Seth Quinn,1,1,38.54166666666667,37.0,0.3854166666666667,0.84375,0.15625,0.21875,12.71875,2025,2025,2025-04-18
Austin Gayle,1,1,38.54166666666667,37.0,0.3854166666666667,0.90625,0.125,0.125,6.0,2022,2022,2022-04-25
Brian Philpot,1,1,38.54166666666667,37.0,0.3854166666666667,0.90625,0.125,0.09375,8.125,2022,2022,2022-04-28
Andrew Harbaugh,2,2,38.541666666666664,37.0,0.38541666666666663,0.78125,0.1875,0.171875,11.21875,2024,2025,2025-04-24
Mark Schofield,3,3,38.541666666666664,37.0,0.3854166666666667,0.78125,0.1875,0.17708333333333334,11.291666666666666,2020,2022,2022-04-28
Josh Friedman,2,2,38.541666666666664,36.5,0.38541666666666663,0.8094758064516129,0.17338709677419356,0.1098790322580645,8.71219758064516,2020,2023,2023-04-26
Cayden Steele,2,2,38.541666666666664,37.0,0.38541666666666663,0.8125,0.171875,0.125,9.375,2024,2025,2025-04-24
Mike O'Hara,2,2,38.483796296296305,28.0,0.3848379629629629,0.8385416666666667,0.1579861111111111,0.1423611111111111,9.336805555555555,2022,2023,2023-04-26
Dave Richard,3,3,38.261648745519715,36.333333333333336,0.38261648745519716,0.8098118279569894,0.1690188172043011,0.15826612903225806,10.649193548387096,2022,2024,2024-04-24
Alex Butler,3,3,38.19444444444445,36.666666666666664,0.3819444444444445,0.75,0.19791666666666666,0.16666666666666666,9.791666666666666,2020,2022,2022-04-19
Cam Inman,3,3,38.19444444444444,36.666666666666664,0.3819444444444444,0.8125,0.16666666666666666,0.15625,7.083333333333333,2020,2024,2024-04-18
Chris Perkins,3,3,38.19444444444444,36.666666666666664,0.3819444444444444,0.8333333333333334,0.15625,0.14583333333333334,9.489583333333334,2023,2025,2025-04-20
Brentley Weissman,3,3,38.19444444444444,36.333333333333336,0.3819444444444444,0.8521505376344086,0.14684139784946237,0.15759408602150538,8.952956989247312,2022,2025,2025-04-23
Mitch Vosburg,2,2,38.17204301075269,36.0,0.3817204301075269,0.7943548387096775,0.1754032258064516,0.1910282258064516,13.597782258064516,2022,2025,2025-04-23
Chris Ransom,5,5,38.11827956989247,36.4,0.38118279569892477,0.7544354838709678,0.19455645161290322,0.16330645161290322,14.335282258064515,2021,2025,2025-04-24
Tim Bielik,4,4,38.07963709677419,36.25,0.38079637096774194,0.7951108870967742,0.1736391129032258,0.10231854838709678,10.931199596774194,2020,2025,2025-04-24
Mark Morales-Smith,2,2,38.05443548387097,36.0,0.3805443548387097,0.6980846774193548,0.2217741935483871,0.14213709677419356,15.558971774193548,2020,2023,2023-04-14
David Dorey,4,4,38.05443548387097,36.25,0.3805443548387097,0.7797379032258065,0.18094758064516128,0.15725806451612903,10.641885080645162,2021,2025,2025-04-16
Ben Morgan,2,2,38.020833333333336,36.5,0.38020833333333337,0.734375,0.203125,0.203125,8.5,2020,2021,2021-04-25
Art Stapleton,2,2,38.020833333333336,36.5,0.38020833333333337,0.765625,0.1875,0.109375,8.890625,2020,2021,2021-04-19
Bob McManaman,2,2,38.020833333333336,36.5,0.38020833333333337,0.765625,0.1875,0.140625,10.59375,2020,2022,2022-04-26
Daniel Gallen,2,2,38.020833333333336,36.5,0.38020833333333337,0.765625,0.1875,0.171875,9.578125,2020,2021,2021-04-26
Vincent Parise,2,2,38.020833333333336,36.5,0.38020833333333337,0.828125,0.15625,0.109375,9.46875,2024,2025,2025-04-24
Tony Mario,4,4,38.02083333333333,36.5,0.3802083333333333,0.765625,0.1875,0.15625,12.296875,2021,2024,2024-04-25
Zach Brunner,4,4,38.01243279569893,36.25,0.38012432795698925,0.8419858870967742,0.14919354838709678,0.12525201612903225,9.58039314516129,2022,2025,2025-04-23
Ben Natan,5,5,37.93010752688172,36.0,0.3793010752688172,0.7967741935483871,0.17056451612903226,0.1701612903225806,9.784879032258065,2020,2025,2025-04-23
Alyssa Barbieri,3,3,37.903225806451616,36.0,0.3790322580645162,0.821236559139785,0.15793010752688172,0.16801075268817203,8.404233870967742,2023,2025,2025-04-21
Tyler Forness,3,3,37.869623655913976,36.0,0.3786962365591398,0.7785618279569894,0.17876344086021503,0.06317204301075267,9.52486559139785,2022,2024,2024-04-24
Kyle Meinke,3,3,37.869623655913976,36.0,0.3786962365591398,0.779233870967742,0.17842741935483872,0.15725806451612903,9.187836021505376,2020,2022,2022-04-26
Bryan Fischer,3,3,37.84722222222222,36.333333333333336,0.37847222222222215,0.78125,0.17708333333333334,0.11458333333333333,9.697916666666666,2020,2022,2022-04-12
Marcus Mosher,5,5,37.708333333333336,36.2,0.3770833333333333,0.84375,0.14375,0.15625,8.7,2021,2025,2025-04-10
Adrian Broaddus,1,1,37.634408602150536,35.0,0.3763440860215054,0.8709677419354839,0.1290322580645161,0.1290322580645161,6.129032258064516,2023,2023,2023-04-27
Nathan Cooper,1,1,37.634408602150536,35.0,0.3763440860215054,0.8709677419354839,0.1290322580645161,0.1612903225806451,7.32258064516129,2023,2023,2023-04-26
Will Brinson,5,5,37.53360215053763,35.8,0.37533602150537637,0.7735887096774194,0.17620967741935484,0.15685483870967742,9.412903225806451,2020,2024,2024-04-23
Eric Walden,1,1,37.5,36.0,0.375,0.6875,0.21875,0.1875,11.125,2020,2020,2020-04-22
Anthony Broome,1,1,37.5,36.0,0.375,0.75,0.1875,0.09375,7.40625,2021,2021,2021-04-15
Brenden Armour,1,1,37.5,36.0,0.375,0.75,0.1875,0.09375,9.65625,2020,2020,2020-04-23
Brian Emory,1,1,37.5,36.0,0.375,0.75,0.1875,0.25,8.28125,2021,2021,2021-04-22
Gilbert Manzano,1,1,37.5,36.0,0.375,0.75,0.1875,0.0625,8.0625,2020,2020,2020-04-21
Hunter Ansley,1,1,37.5,36.0,0.375,0.75,0.1875,0.15625,8.28125,2021,2021,2021-04-28
Samuel Teets,1,1,37.5,36.0,0.375,0.75,0.1875,0.125,8.40625,2021,2021,2021-04-26
Tab Bamford,1,1,37.5,36.0,0.375,0.75,0.1875,0.15625,10.84375,2021,2021,2021-04-24
Bob Glauber,2,2,37.5,36.0,0.375,0.78125,0.171875,0.15625,9.90625,2020,2022,2022-04-27
Joe Rowles,2,2,37.5,36.0,0.375,0.78125,0.171875,0.125,7.75,2020,2021,2021-04-29
Adam Hill,3,3,37.5,36.0,0.375,0.7916666666666666,0.16666666666666666,0.14583333333333334,9.427083333333334,2020,2025,2025-04-22
Cory Bonini,4,4,37.5,36.0,0.375,0.796875,0.1640625,0.140625,10.09375,2020,2025,2025-04-24
Adam Murfet,1,1,37.5,36.0,0.375,0.8125,0.15625,0.125,8.84375,2023,2023,2023-04-20
Ben Linsey,1,1,37.5,36.0,0.375,0.8125,0.15625,0.03125,12.03125,2022,2022,2022-04-11
Brady Auer,1,1,37.5,36.0,0.375,0.8125,0.15625,0.21875,11.65625,2025,2025,2025-04-24
Cameron DaSilva,1,1,37.5,36.0,0.375,0.8125,0.15625,0.15625,6.15625,2021,2021,2021-04-20
Dan Zaksheske,1,1,37.5,36.0,0.375,0.8125,0.15625,0.21875,12.59375,2025,2025,2025-04-17
Ethan Cadeaux,1,1,37.5,36.0,0.375,0.8125,0.15625,0.125,7.75,2021,2021,2021-04-19
Geoff Schwartz,1,1,37.5,36.0,0.375,0.8125,0.15625,0.21875,12.40625,2025,2025,2025-04-18
James Foster,1,1,37.5,36.0,0.375,0.8125,0.15625,0.21875,12.96875,2025,2025,2025-04-18
Lorenz Leinweber,1,1,37.5,36.0,0.375,0.8125,0.15625,0.0625,10.59375,2022,2022,2022-04-27
Matt Bowden,1,1,37.5,36.0,0.375,0.8125,0.15625,0.03125,13.65625,2022,2022,2022-04-11
Matt Williamson,1,1,37.5,36.0,0.375,0.8125,0.15625,0.1875,7.0625,2021,2021,2021-04-14
Meng Song,1,1,37.5,36.0,0.375,0.8125,0.15625,0.15625,13.0625,2025,2025,2025-04-22
Nicolas Hoover,1,1,37.5,36.0,0.375,0.8125,0.15625,0.125,7.65625,2024,2024,2024-04-22
Tyler Marling,1,1,37.5,36.0,0.375,0.8125,0.15625,0.125,18.03125,2022,2022,2022-04-22
Kyle Smith,2,2,37.5,36.0,0.375,0.84375,0.140625,0.046875,8.828125,2022,2023,2023-04-13
John Blair,1,1,37.5,36.0,0.375,0.875,0.125,0.09375,6.09375,2024,2024,2024-04-20
Matt De Lima,1,1,37.5,36.0,0.375,0.875,0.125,0.09375,7.90625,2022,2022,2022-04-27
Ric Serritella,1,1,37.5,36.0,0.375,0.875,0.125,0.15625,9.0625,2022,2022,2022-04-27
Patrik Walker,3,3,37.15277777777778,35.666666666666664,0.37152777777777785,0.7604166666666666,0.17708333333333334,0.17708333333333334,12.28125,2020,2022,2022-04-24
Mark Inabinett,3,3,37.119175627240146,35.333333333333336,0.3711917562724014,0.799731182795699,0.15692204301075266,0.146505376344086,9.369287634408602,2021,2024,2024-04-11
Mike Florio,5,5,37.09005376344086,35.4,0.3709005376344086,0.823991935483871,0.1443548387096774,0.1191532258064516,9.95866935483871,2021,2025,2025-04-23
Adam Hermann,2,2,37.046370967741936,35.0,0.3704637096774194,0.7303427419354839,0.1905241935483871,0.14264112903225806,10.19203629032258,2021,2023,2023-04-26
Brett Whitefield,2,2,37.012768817204304,35.0,0.370127688172043,0.8251008064516129,0.14264112903225806,0.11139112903225805,9.639616935483872,2023,2024,2024-04-24
Nick Falato,2,2,37.012768817204304,35.0,0.370127688172043,0.8251008064516129,0.14264112903225806,0.1285282258064516,10.191532258064516,2022,2023,2023-04-24
Sawyer Hicks,2,2,36.97916666666667,35.5,0.3697916666666667,0.765625,0.171875,0.109375,10.578125,2021,2022,2022-04-26
Andrew Doherty,2,2,36.97916666666667,35.5,0.3697916666666667,0.796875,0.15625,0.15625,9.546875,2021,2022,2022-04-10
Ben Volin,2,2,36.97916666666667,35.5,0.3697916666666667,0.796875,0.15625,0.140625,11.25,2022,2025,2025-04-11
Oliver Hodgkinson,2,2,36.979166666666664,35.5,0.36979166666666663,0.734375,0.1875,0.15625,10.609375,2021,2023,2023-04-18
David Furones,2,2,36.979166666666664,35.5,0.36979166666666663,0.765625,0.171875,0.171875,8.375,2023,2024,2024-04-10
Ian Valentino,2,2,36.979166666666664,35.5,0.36979166666666663,0.765625,0.171875,0.109375,12.078125,2023,2024,2024-04-24
Joe DiTullio,4,4,36.979166666666664,35.5,0.36979166666666663,0.765625,0.171875,0.171875,10.0546875,2020,2023,2023-04-27
Rob Rang,5,5,36.92204301075269,35.2,0.3692204301075269,0.8048387096774194,0.15141129032258066,0.11370967741935485,9.135685483870969,2020,2025,2025-04-21
Jeff Kerr,3,3,36.82795698924731,35.0,0.3682795698924732,0.788978494623656,0.15793010752688172,0.16801075268817203,10.214381720430106,2023,2025,2025-04-12
Chad Reuter,6,6,36.80555555555556,35.333333333333336,0.3680555555555556,0.7708333333333334,0.16666666666666666,0.15625,12.151041666666666,2020,2025,2025-04-18
Cris Collinsworth,4,4,36.75235215053763,35.0,0.36752352150537637,0.771421370967742,0.16557459677419356,0.14969758064516128,12.952620967741936,2022,2025,2025-04-23
Hunter Haas,4,4,36.75235215053763,35.0,0.3675235215053763,0.787046370967742,0.15776209677419356,0.11819556451612903,10.722278225806452,2022,2025,2025-04-22
Matt Fitzgerald,3,3,36.74955197132616,35.0,0.36749551971326166,0.7893145161290324,0.15658602150537634,0.14684139784946237,8.823252688172042,2022,2024,2024-04-25
Spencer Urquhart,1,1,36.66666666666666,11.0,0.3666666666666666,0.9,0.1,0.1,9.0,2022,2022,2022-04-27
Christian Williams,3,3,36.651234567901234,30.0,0.3665123456790123,0.8171296296296297,0.1412037037037037,0.12037037037037036,9.905092592592593,2022,2024,2024-04-24
Damian Parson,1,1,36.55913978494624,34.0,0.3655913978494624,0.7096774193548387,0.1935483870967742,0.1290322580645161,11.096774193548388,2023,2023,2023-04-26
Scott Carasik,1,1,36.55913978494624,34.0,0.3655913978494624,0.7096774193548387,0.1935483870967742,0.1612903225806451,12.612903225806452,2023,2023,2023-04-24
Tommy Garrett,1,1,36.55913978494624,34.0,0.3655913978494624,0.7096774193548387,0.1935483870967742,0.1290322580645161,13.225806451612904,2023,2023,2023-04-21
Alex Schmidt,1,1,36.55913978494624,34.0,0.3655913978494624,0.7741935483870968,0.1612903225806451,0.0967741935483871,8.129032258064516,2023,2023,2023-04-18
Eliot Crist,1,1,36.55913978494624,34.0,0.3655913978494624,0.7741935483870968,0.1612903225806451,0.032258064516129,10.903225806451612,2023,2023,2023-04-24
Joshua Queipo,1,1,36.55913978494624,34.0,0.3655913978494624,0.7741935483870968,0.1612903225806451,0.1290322580645161,10.35483870967742,2023,2023,2023-04-15
Luke Allen,1,1,36.55913978494624,34.0,0.3655913978494624,0.7741935483870968,0.1612903225806451,0.032258064516129,9.419354838709678,2023,2023,2023-04-24
Patrick Flowers,1,1,36.55913978494624,34.0,0.3655913978494624,0.7741935483870968,0.1612903225806451,0.064516129032258,11.774193548387096,2023,2023,2023-04-26
Trevor Jablonski,1,1,36.55913978494624,34.0,0.3655913978494624,0.7741935483870968,0.1612903225806451,0.0967741935483871,10.290322580645162,2023,2023,2023-04-26
Curtiss Brown,1,1,36.55913978494624,34.0,0.3655913978494624,0.8387096774193549,0.1290322580645161,0.1612903225806451,7.483870967741935,2023,2023,2023-04-19
Matt McEwan,1,1,36.55913978494624,34.0,0.3655913978494624,0.8387096774193549,0.1290322580645161,0.064516129032258,7.290322580645161,2023,2023,2023-04-21
Ben Brown,1,1,36.55913978494624,34.0,0.3655913978494624,0.9032258064516128,0.0967741935483871,0.064516129032258,5.258064516129032,2023,2023,2023-04-13
Dan Roche,3,3,36.49193548387097,34.666666666666664,0.3649193548387097,0.8205645161290324,0.13709677419354838,0.10618279569892473,10.522177419354838,2022,2024,2024-04-16
John McClain,2,2,36.458333333333336,35.0,0.36458333333333337,0.71875,0.1875,0.171875,9.0,2020,2021,2021-04-28
John Williams,2,2,36.458333333333336,35.0,0.36458333333333337,0.75,0.171875,0.140625,9.796875,2020,2021,2021-04-27
Gennaro Filice,2,2,36.458333333333336,35.0,0.36458333333333337,0.8125,0.140625,0.15625,10.265625,2024,2025,2025-04-11
Mike Hrynyshyn,2,2,36.458333333333336,35.0,0.36458333333333337,0.8125,0.140625,0.109375,9.234375,2021,2022,2022-04-28
Austin Mock,2,2,36.458333333333336,35.0,0.36458333333333337,0.84375,0.125,0.109375,6.6875,2024,2025,2025-04-24
A.J. Cola,1,1,36.45833333333333,35.0,0.3645833333333333,0.71875,0.1875,0.25,18.1875,2025,2025,2025-04-13
Bobby Sylvester,1,1,36.45833333333333,35.0,0.3645833333333333,0.71875,0.1875,0.09375,11.09375,2020,2020,2020-04-22
Dale-Paul Jordan,1,1,36.45833333333333,35.0,0.3645833333333333,0.71875,0.1875,0.15625,10.875,2020,2020,2020-04-16
DraftGeek,1,1,36.45833333333333,35.0,0.3645833333333333,0.71875,0.1875,0.125,8.96875,2020,2020,2020-04-20
Geoffrey C. Arnold,1,1,36.45833333333333,35.0,0.3645833333333333,0.71875,0.1875,0.15625,8.4375,2020,2020,2020-04-16
Hunter Thompson,1,1,36.45833333333333,35.0,0.3645833333333333,0.71875,0.1875,0.21875,8.34375,2021,2021,2021-04-26
Alex Simpson,2,2,36.45833333333333,35.0,0.3645833333333333,0.78125,0.15625,0.109375,9.9375,2020,2022,2022-04-27
Auburn Daily,1,1,36.45833333333333,35.0,0.3645833333333333,0.78125,0.15625,0.0625,11.28125,2022,2022,2022-04-21
Barry Wilner,1,1,36.45833333333333,35.0,0.3645833333333333,0.78125,0.15625,0.15625,7.46875,2021,2021,2021-04-29
Cale Ahearn,1,1,36.45833333333333,35.0,0.3645833333333333,0.78125,0.15625,0.15625,9.34375,2021,2021,2021-04-26
Chris Congemo,1,1,36.45833333333333,35.0,0.3645833333333333,0.78125,0.15625,0.09375,17.40625,2022,2022,2022-04-26
Daniel Harms,1,1,36.45833333333333,35.0,0.3645833333333333,0.78125,0.15625,0.21875,13.0625,2025,2025,2025-04-23
Ian Higgins,1,1,36.45833333333333,35.0,0.3645833333333333,0.78125,0.15625,0.15625,7.8125,2021,2021,2021-04-10
Jack Bethel,1,1,36.45833333333333,35.0,0.3645833333333333,0.78125,0.15625,0.15625,14.0625,2025,2025,2025-04-14
Jack Wargo,1,1,36.45833333333333,35.0,0.3645833333333333,0.78125,0.15625,0.21875,13.0,2025,2025,2025-04-16
James Pike,1,1,36.45833333333333,35.0,0.3645833333333333,0.78125,0.15625,0.09375,15.5,2022,2022,2022-04-16
Jared Feinberg,1,1,36.45833333333333,35.0,0.3645833333333333,0.78125,0.15625,0.1875,13.84375,2025,2025,2025-04-21
Joseph Pantorno,1,1,36.45833333333333,35.0,0.3645833333333333,0.78125,0.15625,0.125,9.03125,2021,2021,2021-04-20
Khaled Abdallah,1,1,36.45833333333333,35.0,0.3645833333333333,0.78125,0.15625,0.1875,6.96875,2021,2021,2021-04-12
Matt Bitonti,1,1,36.45833333333333,35.0,0.3645833333333333,0.78125,0.15625,0.1875,9.21875,2025,2025,2025-04-23
Schuyler Callihan,1,1,36.45833333333333,35.0,0.3645833333333333,0.78125,0.15625,0.0625,11.96875,2022,2022,2022-04-24
Vitor Paiva,1,1,36.45833333333333,35.0,0.3645833333333333,0.78125,0.15625,0.15625,7.1875,2021,2021,2021-04-26
Patrick Conn,2,2,36.45833333333333,35.0,0.3645833333333333,0.8125,0.140625,0.015625,29.515625,2022,2023,2023-04-20
Alex Joyce,1,1,36.45833333333333,35.0,0.3645833333333333,0.84375,0.125,0.15625,11.375,2025,2025,2025-04-13
Bobby Bishop,1,1,36.45833333333333,35.0,0.3645833333333333,0.84375,0.125,0.1875,12.09375,2025,2025,2025-04-20
JR Radcliffe,1,1,36.45833333333333,35.0,0.3645833333333333,0.84375,0.125,0.0625,5.1875,2024,2024,2024-04-24
Mick Tidrow,1,1,36.45833333333333,35.0,0.3645833333333333,0.84375,0.125,0.125,9.8125,2022,2022,2022-04-23
Mikey Ostrowski,1,1,36.45833333333333,35.0,0.3645833333333333,0.84375,0.125,0.15625,11.25,2022,2022,2022-04-10
Nolan Bianchi,1,1,36.45833333333333,35.0,0.3645833333333333,0.84375,0.125,0.15625,8.0,2025,2025,2025-04-23
Randy Gurzi,4,4,36.424731182795696,34.75,0.364247311827957,0.763608870967742,0.1645665322580645,0.14919354838709678,11.087449596774194,2020,2023,2023-04-27
Emory Hunt,3,3,36.08870967741935,34.333333333333336,0.3608870967741935,0.7258064516129031,0.17842741935483872,0.14684139784946237,17.12869623655914,2022,2025,2025-04-15
Justin Mark,3,3,36.08870967741935,34.333333333333336,0.3608870967741935,0.7896505376344086,0.146505376344086,0.13608870967741934,10.955645161290322,2023,2025,2025-04-10
Bucky Brooks,6,6,36.083109318996414,34.5,0.36083109318996415,0.7696572580645161,0.15641801075268816,0.14616935483870966,9.288138440860214,2020,2025,2025-04-22
Mike Lockhart,2,2,36.004704301075265,34.0,0.3600470430107527,0.8563508064516129,0.11189516129032255,0.09627016129032255,9.057459677419356,2022,2023,2023-04-27
Dylan Sanders,2,2,35.9375,34.5,0.359375,0.765625,0.15625,0.125,11.484375,2022,2024,2024-04-24
Chris Emma,2,2,35.87029569892473,34.0,0.3587029569892473,0.7938508064516129,0.1411290322580645,0.157258064516129,8.205141129032258,2023,2024,2024-04-10
James Fragoza,3,3,35.81989247311828,34.0,0.3581989247311828,0.737231182795699,0.16868279569892475,0.14751344086021503,10.895497311827958,2021,2023,2023-04-27
Benjamin Robinson,3,3,35.797491039426525,34.0,0.35797491039426527,0.821236559139785,0.12634408602150538,0.13676075268817203,7.96505376344086,2021,2023,2023-04-26
J.P. Acosta,3,3,35.78629032258065,34.0,0.3578629032258065,0.757728494623656,0.15793010752688172,0.10483870967741933,9.052755376344086,2023,2025,2025-04-24
Trenton Corn,3,3,35.77508960573476,34.0,0.35775089605734767,0.778225806451613,0.14751344086021503,0.11491935483870967,12.544354838709678,2023,2025,2025-04-20
Chris McGlynn,3,3,35.76388888888889,34.333333333333336,0.3576388888888889,0.7604166666666666,0.15625,0.125,11.65625,2020,2022,2022-04-28
Jared Dubin,5,5,35.65188172043011,34.0,0.3565188172043011,0.7671370967741936,0.15120967741935484,0.13810483870967744,10.46875,2021,2025,2025-04-13
Gregg Bell,1,1,35.483870967741936,33.0,0.3548387096774194,0.7419354838709677,0.1612903225806451,0.1935483870967742,14.0,2023,2023,2023-04-25
Gino Tomaselli,2,2,35.483870967741936,33.5,0.3548387096774194,0.7469758064516129,0.15877016129032256,0.12651209677419356,12.748991935483872,2021,2022,2022-04-12
Connor O'Gara,1,1,35.483870967741936,33.0,0.3548387096774194,0.8064516129032258,0.1290322580645161,0.1290322580645161,11.516129032258064,2023,2023,2023-04-26
Dane Massey,1,1,35.483870967741936,33.0,0.3548387096774194,0.8064516129032258,0.1290322580645161,0.0967741935483871,10.67741935483871,2023,2023,2023-04-26
Eric Froton,1,1,35.483870967741936,33.0,0.3548387096774194,0.8064516129032258,0.1290322580645161,0.1290322580645161,8.67741935483871,2023,2023,2023-04-25
Ken Zalis,1,1,35.483870967741936,33.0,0.3548387096774194,0.8064516129032258,0.1290322580645161,0.1290322580645161,10.161290322580646,2023,2023,2023-04-26
Cody Williams,5,5,35.43010752688172,33.8,0.3543010752688172,0.7862903225806452,0.13830645161290323,0.1127016129032258,9.938709677419356,2020,2025,2025-04-24
Doug Farrar,3,3,35.42786738351254,33.666666666666664,0.3542786738351254,0.7691532258064516,0.14684139784946237,0.14751344086021503,11.21236559139785,2021,2023,2023-04-27
Jason Lieser,1,1,35.41666666666667,34.0,0.3541666666666667,0.6875,0.1875,0.25,12.46875,2020,2020,2020-04-11
Josh Braegger,1,1,35.41666666666667,34.0,0.3541666666666667,0.6875,0.1875,0.1875,8.46875,2021,2021,2021-04-26
Justin Rogers,1,1,35.41666666666667,34.0,0.3541666666666667,0.6875,0.1875,0.15625,8.46875,2020,2020,2020-04-22
Sarah Hardy,1,1,35.41666666666667,34.0,0.3541666666666667,0.6875,0.1875,0.15625,13.71875,2024,2024,2024-04-15
Charles McDonald,1,1,35.41666666666667,34.0,0.3541666666666667,0.75,0.15625,0.1875,8.8125,2023,2023,2023-04-26
Chase Hammes,1,1,35.41666666666667,34.0,0.3541666666666667,0.75,0.15625,0.15625,10.8125,2020,2020,2020-04-22
Chris Fallica,1,1,35.41666666666667,34.0,0.3541666666666667,0.75,0.15625,0.15625,13.625,2025,2025,2025-04-23
Dave Kluge,1,1,35.41666666666667,34.0,0.3541666666666667,0.75,0.15625,0.21875,13.375,2025,2025,2025-04-24
Destin Adams,1,1,35.41666666666667,34.0,0.3541666666666667,0.75,0.15625,0.125,10.25,2020,2020,2020-04-23
Domonique Foxworth,1,1,35.41666666666667,34.0,0.3541666666666667,0.75,0.15625,0.09375,9.84375,2020,2020,2020-04-22
Jasper Jones,1,1,35.41666666666667,34.0,0.3541666666666667,0.75,0.15625,0.03125,14.5625,2022,2022,2022-04-13
Josh Shippen,1,1,35.41666666666667,34.0,0.3541666666666667,0.75,0.15625,0.125,12.53125,2021,2021,2021-04-15
Matthew Tabeek,1,1,35.41666666666667,34.0,0.3541666666666667,0.75,0.15625,0.125,10.0,2020,2020,2020-04-23
Michael Hanich,2,2,35.41666666666667,34.0,0.3541666666666667,0.75,0.15625,0.140625,11.234375,2021,2022,2022-04-25
Ryland Scholes,1,1,35.41666666666667,34.0,0.3541666666666667,0.75,0.15625,0.15625,16.40625,2025,2025,2025-04-24
Xaiver Aguiar,1,1,35.41666666666667,34.0,0.3541666666666667,0.75,0.15625,0.125,10.84375,2021,2021,2021-04-27
Alan Goldsher,1,1,35.41666666666667,34.0,0.3541666666666667,0.8125,0.125,0.15625,12.90625,2025,2025,2025-04-24
D Wash,1,1,35.41666666666667,34.0,0.3541666666666667,0.8125,0.125,0.1875,14.8125,2025,2025,2025-04-24
David Bearman,1,1,35.41666666666667,34.0,0.3541666666666667,0.8125,0.125,0.15625,13.34375,2025,2025,2025-04-14
Evan Brooks,1,1,35.41666666666667,34.0,0.3541666666666667,0.8125,0.125,0.09375,10.28125,2022,2022,2022-04-20
J.C. Allen,1,1,35.41666666666667,34.0,0.3541666666666667,0.8125,0.125,0.0,12.0625,2022,2022,2022-04-10
Joel Mann,1,1,35.41666666666667,34.0,0.3541666666666667,0.8125,0.125,0.0625,9.96875,2022,2022,2022-04-18
Michael Rochman,1,1,35.41666666666667,34.0,0.3541666666666667,0.8125,0.125,0.125,5.5,2024,2024,2024-04-23
Raju Byfield,1,1,35.41666666666667,34.0,0.3541666666666667,0.8125,0.125,0.09375,15.5625,2022,2022,2022-04-19
Riley Haltom,1,1,35.41666666666667,34.0,0.3541666666666667,0.8125,0.125,0.125,8.34375,2023,2023,2023-04-25
Ryan O'Halloran,1,1,35.41666666666667,34.0,0.3541666666666667,0.8125,0.125,0.15625,7.4375,2021,2021,2021-04-28
T.J. Besler,1,1,35.41666666666667,34.0,0.3541666666666667,0.8125,0.125,0.125,6.21875,2024,2024,2024-04-24
Tori McElhaney,1,1,35.41666666666667,34.0,0.3541666666666667,0.8125,0.125,0.09375,7.125,2024,2024,2024-04-24
John Sigler,1,1,35.41666666666667,34.0,0.3541666666666667,0.875,0.09375,0.0,28.75,2024,2024,2024-04-11
Donovan Perez-Schipper,3,3,35.416666666666664,33.666666666666664,0.3541666666666667,0.7473118279569894,0.15759408602150538,0.13709677419354838,13.218413978494624,2021,2023,2023-04-24
Christian D'Andrea,3,3,35.416666666666664,34.0,0.3541666666666667,0.7916666666666666,0.13541666666666666,0.10416666666666667,9.71875,2023,2025,2025-04-22
Alex Kozora,3,3,35.416666666666664,34.0,0.3541666666666667,0.8125,0.125,0.11458333333333333,10.28125,2022,2024,2024-04-23
Andrew Buller-Russ,2,2,35.399865591397855,33.5,0.3539986559139785,0.8089717741935484,0.12651209677419356,0.157258064516129,9.169858870967742,2023,2024,2024-04-21
Jeff Risdon,5,5,35.376344086021504,33.6,0.35376344086021505,0.7842741935483871,0.13850806451612901,0.1006048387096774,10.538104838709677,2020,2025,2025-04-23
Jon Witt,2,2,35.31586021505376,33.5,0.3531586021505376,0.7762096774193548,0.141633064516129,0.12651209677419356,11.716229838709678,2023,2024,2024-04-24
Sam Monson,4,4,35.15625,33.5,0.3515625,0.7563004032258065,0.14919354838709678,0.10962701612903225,11.061743951612904,2021,2024,2024-04-15
Ben Raven,4,4,35.13888888888889,33.25,0.35138888888888886,0.7541666666666667,0.15,0.0953125,11.5828125,2020,2023,2023-04-26
Henry McKenna,3,3,35.06944444444444,33.666666666666664,0.3506944444444444,0.7395833333333334,0.15625,0.14583333333333334,15.166666666666666,2020,2025,2025-04-22
Paul M Banks,3,3,35.06944444444444,33.666666666666664,0.3506944444444444,0.78125,0.13541666666666666,0.08333333333333333,11.770833333333334,2021,2024,2024-04-25
Tom Fornelli,5,5,34.973118279569896,33.4,0.3497311827956989,0.7729838709677419,0.13810483870967744,0.1316532258064516,11.424395161290324,2020,2025,2025-04-18
Michelle Kotts,2,2,34.96303763440861,33.0,0.349630376344086,0.7938508064516129,0.12752016129032256,0.047883064516129,11.788306451612904,2022,2023,2023-04-24
Hussam Patel,2,2,34.946236559139784,33.0,0.34946236559139787,0.8256048387096775,0.11139112903225805,0.09576612903225805,10.264112903225806,2022,2023,2023-04-27
Dan Schmelzer,2,2,34.895833333333336,33.5,0.34895833333333337,0.765625,0.140625,0.125,9.09375,2020,2021,2021-04-25
Tyler Roman,2,2,34.89583333333333,33.5,0.3489583333333333,0.796875,0.125,0.03125,10.59375,2020,2022,2022-04-26
Karen Guregian,2,2,34.862231182795696,33.0,0.348622311827957,0.7626008064516129,0.141633064516129,0.14213709677419356,9.44758064516129,2020,2023,2023-04-26
Jordan Dajani,4,4,34.84543010752688,33.25,0.3484543010752688,0.794858870967742,0.12525201612903225,0.125,9.094758064516128,2021,2025,2025-04-17
Adam Caplan,1,1,34.44444444444444,31.0,0.3444444444444444,0.8333333333333334,0.1,0.1333333333333333,10.0,2023,2023,2023-04-26
Cam Mellor,2,2,34.425403225806456,32.5,0.3442540322580645,0.7777217741935484,0.12752016129032256,0.08014112903225805,14.920362903225806,2022,2023,2023-04-27
Michael McClymont,1,1,34.40860215053764,32.0,0.3440860215053763,0.7096774193548387,0.1612903225806451,0.1290322580645161,14.290322580645162,2023,2023,2023-04-25
Brandon Holtz,1,1,34.40860215053764,32.0,0.3440860215053763,0.7741935483870968,0.1290322580645161,0.2258064516129032,8.612903225806452,2020,2020,2020-04-23
Eric Samulski,1,1,34.40860215053764,32.0,0.3440860215053763,0.7741935483870968,0.1290322580645161,0.0967741935483871,11.290322580645162,2023,2023,2023-04-26
Pat Leonard,1,1,34.40860215053764,32.0,0.3440860215053763,0.7741935483870968,0.1290322580645161,0.0967741935483871,11.32258064516129,2023,2023,2023-04-24
Zack Patraw,2,2,34.40860215053763,32.5,0.34408602150537637,0.7459677419354839,0.14314516129032256,0.11088709677419355,13.232862903225806,2021,2022,2022-04-25
Nick Suss,2,2,34.391801075268816,32.5,0.34391801075268813,0.7777217741935484,0.12701612903225806,0.12651209677419356,11.025201612903226,2023,2025,2025-04-24
Brad Gagnon,1,1,34.375,33.0,0.34375,0.71875,0.15625,0.09375,10.96875,2021,2021,2021-04-11
Luis Tirado Jr.,1,1,34.375,33.0,0.34375,0.71875,0.15625,0.15625,11.59375,2020,2020,2020-04-22
Mike Tanier,2,2,34.375,33.0,0.34375,0.75,0.140625,0.125,10.515625,2020,2021,2021-04-21
Adam Beasley,1,1,34.375,33.0,0.34375,0.78125,0.125,0.09375,13.78125,2022,2022,2022-04-26
Andrew Golden,1,1,34.375,33.0,0.34375,0.78125,0.125,0.09375,11.5,2022,2022,2022-04-28
Chris Scheim,1,1,34.375,33.0,0.34375,0.78125,0.125,0.0625,9.4375,2024,2024,2024-04-18
Jason Kanno,1,1,34.375,33.0,0.34375,0.78125,0.125,0.09375,6.625,2024,2024,2024-04-22
John Harris,1,1,34.375,33.0,0.34375,0.78125,0.125,0.09375,11.15625,2022,2022,2022-04-23
Matthew Lewis,1,1,34.375,33.0,0.34375,0.78125,0.125,0.125,13.5625,2022,2022,2022-04-11
Mike Kaye,1,1,34.375,33.0,0.34375,0.78125,0.125,0.09375,15.59375,2022,2022,2022-04-20
Natalie Miller,4,4,34.375,33.0,0.34375,0.78125,0.125,0.078125,11.6953125,2022,2025,2025-04-19
Nathan Jahnke,1,1,34.375,33.0,0.34375,0.78125,0.125,0.15625,7.125,2024,2024,2024-04-17
Scott Gorman,1,1,34.375,33.0,0.34375,0.78125,0.125,0.03125,14.1875,2022,2022,2022-04-27
Tory Rich,1,1,34.375,33.0,0.34375,0.78125,0.125,0.15625,16.96875,2022,2022,2022-04-22
Derek Togerson,3,3,34.375,33.0,0.34375,0.8020833333333334,0.11458333333333333,0.125,11.666666666666666,2020,2024,2024-04-11
Ben Arthur,1,1,34.375,33.0,0.34375,0.84375,0.09375,0.0,9.6875,2022,2022,2022-04-24
Jeremiah Jensen,1,1,34.375,33.0,0.34375,0.84375,0.09375,0.09375,6.5625,2021,2021,2021-04-22
Joe Broback,1,1,34.375,33.0,0.34375,0.84375,0.09375,0.15625,17.34375,2022,2022,2022-04-13
Justin Bales,2,2,34.375,33.0,0.34375,0.84375,0.09375,0.09375,10.28125,2021,2022,2022-04-27
Tim Weaver,1,1,34.375,33.0,0.34375,0.84375,0.09375,0.0625,6.0625,2024,2024,2024-04-19
Maurice Jones-Drew,3,3,34.352598566308245,32.666666666666664,0.3435259856630824,0.757728494623656,0.13642473118279572,0.09408602150537633,11.852822580645162,2021,2023,2023-04-20
Rob Judin,3,3,33.94937275985663,32.333333333333336,0.33949372759856633,0.746975806451613,0.135752688172043,0.10416666666666667,12.28864247311828,2021,2023,2023-04-27
Rhett Lewis,4,4,33.896169354838705,32.25,0.33896169354838707,0.7794858870967742,0.11869959677419355,0.10307459677419355,9.162802419354838,2020,2023,2023-04-11
Tyler Calvaruso,2,2,33.85416666666667,32.5,0.3385416666666667,0.765625,0.125,0.09375,10.8125,2020,2022,2022-04-13
Pete Martuneac,2,2,33.854166666666664,32.5,0.33854166666666663,0.796875,0.109375,0.125,10.078125,2024,2025,2025-04-17
Alex Cawley,2,2,33.854166666666664,32.5,0.33854166666666663,0.828125,0.09375,0.109375,8.140625,2021,2022,2022-04-20
Pat Mayo,3,3,33.658154121863795,32.0,0.336581541218638,0.779233870967742,0.115255376344086,0.10483870967741933,10.316532258064516,2021,2023,2023-04-12
Aaron Wilson,2,2,33.333333333333336,32.0,0.33333333333333337,0.75,0.125,0.125,10.328125,2020,2022,2022-04-28
Harley Schultz,2,2,33.333333333333336,32.0,0.33333333333333337,0.8125,0.09375,0.09375,11.15625,2022,2024,2024-04-17
Mike Randle,2,2,33.333333333333336,32.0,0.33333333333333337,0.8125,0.09375,0.125,9.96875,2021,2025,2025-04-23
Maurice Moton,1,1,33.33333333333333,32.0,0.3333333333333333,0.6875,0.15625,0.15625,10.5,2020,2020,2020-04-10
Roy Larking,1,1,33.33333333333333,32.0,0.3333333333333333,0.6875,0.15625,0.15625,10.5625,2020,2020,2020-04-17
Carlos Nazario,1,1,33.33333333333333,31.0,0.3333333333333333,0.7419354838709677,0.1290322580645161,0.1290322580645161,11.806451612903226,2023,2023,2023-04-10
Tim Martens,1,1,33.33333333333333,31.0,0.3333333333333333,0.7419354838709677,0.1290322580645161,0.1612903225806451,11.67741935483871,2023,2023,2023-04-25
Arif Hasan,1,1,33.33333333333333,32.0,0.3333333333333333,0.75,0.125,0.0625,11.15625,2023,2023,2023-04-25
Corey Parson,1,1,33.33333333333333,32.0,0.3333333333333333,0.75,0.125,0.15625,8.71875,2020,2020,2020-04-20
Jimmy Williams,1,1,33.33333333333333,32.0,0.3333333333333333,0.75,0.125,0.03125,11.84375,2023,2023,2023-04-23
John McKechnie,1,1,33.33333333333333,32.0,0.3333333333333333,0.75,0.125,0.15625,13.34375,2025,2025,2025-04-23
Kyle Yates,1,1,33.33333333333333,32.0,0.3333333333333333,0.75,0.125,0.0625,11.34375,2023,2023,2023-04-13
Nathan Nguyen,1,1,33.33333333333333,32.0,0.3333333333333333,0.75,0.125,0.15625,14.5625,2025,2025,2025-04-24
Peter Bukowski,1,1,33.33333333333333,32.0,0.3333333333333333,0.75,0.125,0.09375,10.03125,2020,2020,2020-04-23
Shan Reddy,1,1,33.33333333333333,32.0,0.3333333333333333,0.75,0.125,0.15625,7.90625,2021,2021,2021-04-28
NFL Stock Exchange,2,2,33.33333333333333,32.0,0.3333333333333333,0.78125,0.109375,0.078125,11.1875,2022,2023,2023-04-20
Blake Murphy,1,1,33.33333333333333,31.0,0.3333333333333333,0.8064516129032258,0.0967741935483871,0.1612903225806451,8.870967741935484,2023,2023,2023-04-26
Cody Engander,1,1,33.33333333333333,31.0,0.3333333333333333,0.8064516129032258,0.0967741935483871,0.0967741935483871,12.129032258064516,2025,2025,2025-04-22
Zach Jones,1,1,33.33333333333333,31.0,0.3333333333333333,0.8064516129032258,0.0967741935483871,0.0967741935483871,8.064516129032258,2023,2023,2023-04-25
Alex Barth,2,2,33.33333333333333,31.5,0.3333333333333333,0.8084677419354839,0.09576612903225805,0.11189516129032255,11.085181451612904,2022,2023,2023-04-25
Austin Boley,1,1,33.33333333333333,32.0,0.3333333333333333,0.8125,0.09375,0.0625,8.53125,2024,2024,2024-04-18
Bryan Perez,1,1,33.33333333333333,32.0,0.3333333333333333,0.8125,0.09375,0.0625,13.40625,2022,2022,2022-04-24
Bryce Lazenby,1,1,33.33333333333333,32.0,0.3333333333333333,0.8125,0.09375,0.15625,13.5625,2025,2025,2025-04-13
Craig Strachan,1,1,33.33333333333333,32.0,0.3333333333333333,0.8125,0.09375,0.0625,13.5625,2022,2022,2022-04-28
Keith Libby,1,1,33.33333333333333,32.0,0.3333333333333333,0.8125,0.09375,0.0625,14.5625,2022,2022,2022-04-26
Marc Ross,1,1,33.33333333333333,32.0,0.3333333333333333,0.8125,0.09375,0.09375,12.0625,2025,2025,2025-04-17
Matt Maiocco,1,1,33.33333333333333,32.0,0.3333333333333333,0.8125,0.09375,0.09375,12.0,2025,2025,2025-04-23
Newt Westen,1,1,33.33333333333333,32.0,0.3333333333333333,0.8125,0.09375,0.0625,6.28125,2024,2024,2024-04-25
Nick Simon,1,1,33.33333333333333,32.0,0.3333333333333333,0.8125,0.09375,0.0625,11.3125,2022,2022,2022-04-11
Tej Seth,1,1,33.33333333333333,32.0,0.3333333333333333,0.8125,0.09375,0.09375,9.59375,2022,2022,2022-04-21
Tom Rock,1,1,33.33333333333333,32.0,0.3333333333333333,0.8125,0.09375,0.09375,13.46875,2025,2025,2025-04-23
Curt Popejoy,3,3,32.638888888888886,31.333333333333332,0.3263888888888889,0.7916666666666666,0.09375,0.10416666666666667,10.260416666666666,2023,2025,2025-04-24
Ryan Dodson,3,3,32.638888888888886,31.0,0.3263888888888889,0.8098118279569894,0.0846774193548387,0.06350806451612903,9.303763440860216,2022,2024,2024-04-10
Zachary Mangum,1,1,32.29166666666667,31.0,0.3229166666666667,0.65625,0.15625,0.15625,10.375,2020,2020,2020-04-20
Colby Dant,2,2,32.29166666666667,31.0,0.3229166666666667,0.71875,0.125,0.125,10.5,2020,2021,2021-04-23
Newy Scruggs,1,1,32.29166666666667,31.0,0.3229166666666667,0.71875,0.125,0.1875,8.625,2020,2020,2020-04-22
Salvatore Stefanile,1,1,32.29166666666667,31.0,0.3229166666666667,0.71875,0.125,0.125,12.40625,2024,2024,2024-04-24
Walker Kelly,1,1,32.29166666666667,31.0,0.3229166666666667,0.71875,0.125,0.09375,10.6875,2021,2021,2021-04-15
Conor Dorney,1,1,32.29166666666667,31.0,0.3229166666666667,0.78125,0.09375,0.09375,9.6875,2020,2020,2020-04-22
Dan Pizzuta,1,1,32.29166666666667,31.0,0.3229166666666667,0.78125,0.09375,0.0625,10.375,2024,2024,2024-04-16
Cameron Sheath,1,1,32.29166666666667,31.0,0.3229166666666667,0.84375,0.0625,0.0625,12.15625,2025,2025,2025-04-16
Kyle Madson,1,1,32.29166666666667,31.0,0.3229166666666667,0.84375,0.0625,0.0625,7.5,2024,2024,2024-04-19
Nick Wojton,1,1,32.29166666666667,31.0,0.3229166666666667,0.84375,0.0625,0.0625,7.5,2024,2024,2024-04-19
Matt Urben,2,2,32.274865591397855,30.5,0.3227486559139785,0.8099798387096775,0.079133064516129,0.079133064516129,7.679435483870968,2023,2024,2024-04-10
Steve Gallo,1,1,32.25806451612903,30.0,0.3225806451612903,0.7096774193548387,0.1290322580645161,0.1290322580645161,12.03225806451613,2023,2023,2023-04-13
Jack McKessy,3,3,31.877240143369175,30.333333333333332,0.31877240143369173,0.788978494623656,0.08366935483870967,0.08366935483870967,13.24236111111111,2022,2025,2025-04-17
Steve Palazzolo,2,2,31.770833333333336,30.5,0.31770833333333337,0.734375,0.109375,0.09375,11.625,2021,2024,2024-04-10
Cory McCann Ezring,1,1,31.25,30.0,0.3125,0.6875,0.125,0.09375,14.40625,2021,2021,2021-04-19
Greg Newland,1,1,31.25,30.0,0.3125,0.6875,0.125,0.09375,14.0625,2020,2020,2020-04-18
Jordan Heck,2,2,31.25,30.0,0.3125,0.6875,0.125,0.09375,16.078125,2021,2022,2022-04-20
Eduardo A. Encina,1,1,31.25,30.0,0.3125,0.75,0.09375,0.09375,8.875,2020,2020,2020-04-22
Jordan Plocher,1,1,31.25,30.0,0.3125,0.75,0.09375,0.09375,16.71875,2025,2025,2025-04-14
Jeremy Wohlfart,1,1,31.25,30.0,0.3125,0.8125,0.0625,0.09375,11.3125,2023,2023,2023-04-25
Kenneth Arthur,1,1,31.25,30.0,0.3125,0.8125,0.0625,0.03125,9.125,2020,2020,2020-04-22
Robert Gregson,1,1,31.25,30.0,0.3125,0.8125,0.0625,0.0,10.40625,2022,2022,2022-04-26
Terrance Biggs,1,1,31.18279569892473,29.0,0.3118279569892473,0.6129032258064516,0.1612903225806451,0.1612903225806451,21.741935483870968,2023,2023,2023-04-17
Brianna Dix,1,1,31.18279569892473,29.0,0.3118279569892473,0.7419354838709677,0.0967741935483871,0.064516129032258,10.838709677419354,2023,2023,2023-04-18
Kyle Hill,1,1,31.18279569892473,29.0,0.3118279569892473,0.7419354838709677,0.0967741935483871,0.0967741935483871,11.709677419354838,2023,2023,2023-04-12
Jack Westphal,1,1,31.18279569892473,29.0,0.3118279569892473,0.8064516129032258,0.064516129032258,0.1290322580645161,10.03225806451613,2023,2023,2023-04-24
6 Rings,1,1,31.18279569892473,29.0,0.3118279569892473,0.8709677419354839,0.032258064516129,0.032258064516129,6.516129032258065,2023,2023,2023-04-25
John Supowitz,1,1,31.11111111111111,28.0,0.3111111111111111,0.8,0.0666666666666666,0.0666666666666666,10.333333333333334,2023,2023,2023-04-26
Jarrett Bailey,3,3,30.902777777777775,29.666666666666668,0.30902777777777773,0.7395833333333334,0.09375,0.07291666666666667,16.5625,2022,2025,2025-04-24
PJ Moran,2,2,30.729166666666664,29.5,0.30729166666666663,0.703125,0.109375,0.109375,11.875,2023,2024,2024-04-24
Kristopher Knox,1,1,30.20833333333333,29.0,0.3020833333333333,0.65625,0.125,0.125,12.125,2020,2020,2020-04-20
Liam Wallace,1,1,30.20833333333333,29.0,0.3020833333333333,0.65625,0.125,0.125,10.125,2021,2021,2021-04-10
Cory Curtis,1,1,30.20833333333333,29.0,0.3020833333333333,0.71875,0.09375,0.09375,9.25,2021,2021,2021-04-22
Ian Fitz,1,1,30.20833333333333,29.0,0.3020833333333333,0.71875,0.09375,0.09375,12.125,2021,2021,2021-04-28
Mark Craig,1,1,30.20833333333333,29.0,0.3020833333333333,0.71875,0.09375,0.0625,10.28125,2020,2020,2020-04-22
Mason Johnstone,1,1,30.20833333333333,29.0,0.3020833333333333,0.71875,0.09375,0.125,16.78125,2025,2025,2025-04-23
Drae Harris,1,1,30.20833333333333,29.0,0.3020833333333333,0.78125,0.0625,0.03125,10.6875,2022,2022,2022-04-27
Scott Alan Salomon,1,1,30.20833333333333,29.0,0.3020833333333333,0.78125,0.0625,0.125,9.96875,2024,2024,2024-04-11
Tailgate,1,1,30.20833333333333,29.0,0.3020833333333333,0.78125,0.0625,0.03125,15.1875,2022,2022,2022-04-20
Tim Kelly,1,1,30.20833333333333,29.0,0.3020833333333333,0.78125,0.0625,0.03125,14.625,2022,2022,2022-04-20
Blake Brockermeyer,1,1,30.20833333333333,29.0,0.3020833333333333,0.84375,0.03125,0.03125,11.65625,2022,2022,2022-04-25
Jacob Schyvinck,1,1,30.20833333333333,29.0,0.3020833333333333,0.84375,0.03125,0.0625,8.8125,2022,2022,2022-04-23
Gavin Riley,1,1,30.107526881720432,28.0,0.3010752688172043,0.7096774193548387,0.0967741935483871,0.032258064516129,15.96774193548387,2023,2023,2023-04-23
Bryant McFadden,1,1,30.107526881720432,28.0,0.3010752688172043,0.7741935483870968,0.064516129032258,0.032258064516129,10.290322580645162,2023,2023,2023-04-24
John Ginder,1,1,30.107526881720432,28.0,0.3010752688172043,0.8387096774193549,0.032258064516129,0.032258064516129,8.96774193548387,2023,2023,2023-04-13
Adam Rank,2,2,29.166666666666668,28.0,0.2916666666666667,0.75,0.0625,0.015625,13.390625,2022,2025,2025-04-15
Brendan Dzwierzynski,1,1,29.166666666666668,28.0,0.2916666666666667,0.75,0.0625,0.0625,9.65625,2021,2021,2021-04-20
Mark Stolte,1,1,29.166666666666668,28.0,0.2916666666666667,0.75,0.0625,0.0625,15.40625,2025,2025,2025-04-22
Michael Natelli,1,1,29.166666666666668,28.0,0.2916666666666667,0.75,0.0625,0.03125,18.59375,2022,2022,2022-04-14
Daryan Martin,1,1,29.03225806451613,27.0,0.2903225806451613,0.8064516129032258,0.032258064516129,0.0,11.258064516129032,2023,2023,2023-04-21
Pete Rogers,1,1,28.125,27.0,0.28125,0.71875,0.0625,0.0625,9.59375,2020,2020,2020-04-17
Crissy Froyd,1,1,28.125,27.0,0.28125,0.78125,0.03125,0.0,12.40625,2022,2022,2022-04-25
Matthew Durgin,1,1,28.125,27.0,0.28125,0.78125,0.03125,0.0,14.34375,2022,2022,2022-04-12
Laurie Fitzpatrick,1,1,27.08333333333333,26.0,0.2708333333333333,0.75,0.03125,0.03125,12.34375,2022,2022,2022-04-25
Scott Bair,1,1,25.806451612903224,24.0,0.2580645161290322,0.7741935483870968,0.0,0.0,12.612903225806452,2023,2023,2023-04-18
Mike Frazer,1,1,25.555555555555557,23.0,0.2555555555555555,0.7666666666666667,0.0,0.0,12.466666666666669,2023,2023,2023-04-27
Dalton Wasserman,1,1,21.875,21.0,0.21875,0.59375,0.03125,0.0625,17.9375,2025,2025,2025-04-15
Daniel Kelly,1,1,16.666666666666664,16.0,0.1666666666666666,0.4375,0.03125,0.0,27.35483870967742,2022,2022,2022-04-17
Keith Manlove,1,1,13.541666666666666,13.0,0.1354166666666666,0.34375,0.03125,0.0,49.8125,2025,2025,2025-04-24
