author_name,total_mocked_picks,historical_years_covered,overall_team_hits,overall_round_one_player_hits,overall_points,overall_max_points,overall_score,overall_weight
Connor Hughes,20,2,11,20,42,60,70.0,0.7
James Brizuela,10,1,5,10,20,30,66.66666666666667,0.6666666666666667
Jeff Howe,10,1,5,10,20,30,66.66666666666667,0.6666666666666667
Frank Schwab,10,1,5,9,19,30,63.333333333333336,0.6333333333333333
Gavino Borquez,10,1,5,9,19,30,63.333333333333336,0.6333333333333333
Ralph Vacchiano,10,1,4,10,18,30,60.0,0.6
Colin Cowherd,27,2,11,26,48,81,59.25925925925926,0.5925925925925926
Cecil Lammey,32,1,14,27,55,96,57.291666666666664,0.5729166666666666
Andy Staples,32,1,14,26,54,96,56.25,0.5625
Cade Clodi,10,1,3,10,16,30,53.333333333333336,0.5333333333333333
Garion Thorne,10,1,3,10,16,30,53.333333333333336,0.5333333333333333
Jordan Reid,32,1,12,26,50,96,52.083333333333336,0.5208333333333334
Chris Simms,32,1,11,28,50,96,52.083333333333336,0.5208333333333334
Josh Larky,32,1,11,28,50,96,52.083333333333336,0.5208333333333334
Judah Fortgang,16,1,5,15,25,48,52.083333333333336,0.5208333333333334
Parker Hurley,16,2,5,15,25,48,52.083333333333336,0.5208333333333334
John Crumpler,20,1,6,19,31,60,51.666666666666664,0.5166666666666666
Zach Goodall,32,1,12,25,49,96,51.041666666666664,0.5104166666666666
Brendan Donahue,32,1,11,27,49,96,51.041666666666664,0.5104166666666666
Charlie Campbell,183,6,64,151,279,549,50.81967213114754,0.5081967213114754
Jared Smola,64,2,20,57,97,192,50.520833333333336,0.5052083333333334
Zach Cohen,64,2,20,57,97,192,50.520833333333336,0.5052083333333334
Jared Wasserman,32,1,11,26,48,96,50.0,0.5
Maddy Hudak,32,1,11,26,48,96,50.0,0.5
Theo Gremminger,32,1,10,28,48,96,50.0,0.5
Les Bowen,32,1,11,25,47,96,48.958333333333336,0.48958333333333337
Tyler Jacobs,32,1,11,25,47,96,48.958333333333336,0.48958333333333337
Braden Holecek,32,1,10,27,47,96,48.958333333333336,0.48958333333333337
Freddy Branson,32,1,10,27,47,96,48.958333333333336,0.48958333333333337
Mike Kadlick,32,1,10,27,47,96,48.958333333333336,0.48958333333333337
Scott Bogman,32,1,10,27,47,96,48.958333333333336,0.48958333333333337
Tom Downey,64,2,18,57,93,192,48.4375,0.484375
Dave Birkett,32,1,11,24,46,96,47.916666666666664,0.47916666666666663
John Kosko,32,1,11,24,46,96,47.916666666666664,0.47916666666666663
Michael Campbell,32,1,11,24,46,96,47.916666666666664,0.47916666666666663
Andy McNamara,32,1,10,26,46,96,47.916666666666664,0.47916666666666663
Ryan McFadden,32,1,10,26,46,96,47.916666666666664,0.47916666666666663
Zack Cox,32,1,10,26,46,96,47.916666666666664,0.47916666666666663
Matt Rooney,32,1,9,28,46,96,47.916666666666664,0.47916666666666663
Matty Kiwoom,32,1,9,28,46,96,47.916666666666664,0.47916666666666663
Andrew Callahan,64,2,18,55,91,192,47.395833333333336,0.47395833333333337
Tyler Lauletta,31,1,11,22,44,93,47.31182795698925,0.4731182795698925
Hub Arkush,31,1,9,26,44,93,47.31182795698925,0.4731182795698925
Jacob Camenker,191,6,55,161,271,573,47.294938917975564,0.47294938917975565
Albert Breer,160,5,46,134,226,480,47.083333333333336,0.4708333333333334
Anthony Staggs,95,3,26,82,134,285,47.01754385964912,0.47017543859649125
James Rapien,32,1,10,25,45,96,46.875,0.46875
Shawn Wagner,32,1,10,25,45,96,46.875,0.46875
Brian Wacker,32,1,9,27,45,96,46.875,0.46875
Dan Wilkins,32,1,9,27,45,96,46.875,0.46875
Derek Brown,32,1,9,27,45,96,46.875,0.46875
Joe Rivera,32,1,9,27,45,96,46.875,0.46875
John Breech,32,1,9,27,45,96,46.875,0.46875
Michelle R. Martinelli,32,1,9,27,45,96,46.875,0.46875
Mike Band,32,1,9,27,45,96,46.875,0.46875
Saivion Mixson,32,1,9,27,45,96,46.875,0.46875
Steve Seufert,32,1,9,27,45,96,46.875,0.46875
Walter Cherepinsky,191,6,52,164,268,573,46.77137870855148,0.4677137870855148
Scott Smith,191,6,52,163,267,573,46.596858638743456,0.46596858638743455
Nick Guarisco,159,5,43,136,222,477,46.540880503144656,0.46540880503144655
Evan Wanish,64,2,17,55,89,192,46.354166666666664,0.46354166666666663
Dan Parr,64,2,16,57,89,192,46.354166666666664,0.46354166666666663
Matt Anderson,31,1,9,25,43,93,46.236559139784944,0.46236559139784944
Sean Green,95,3,25,81,131,285,45.96491228070175,0.45964912280701753
Scotty Payne,159,5,44,131,219,477,45.911949685534594,0.4591194968553459
Nelson Espinal,32,1,10,24,44,96,45.833333333333336,0.45833333333333337
Nick Brinkerhoff,32,1,10,24,44,96,45.833333333333336,0.45833333333333337
Anthony Amico,32,1,9,26,44,96,45.833333333333336,0.45833333333333337
Carmen Vitali,32,1,9,26,44,96,45.833333333333336,0.45833333333333337
Jeff Schudel,32,1,9,26,44,96,45.833333333333336,0.45833333333333337
Stephen Reed,32,1,9,26,44,96,45.833333333333336,0.45833333333333337
Jeff McLane,32,1,8,28,44,96,45.833333333333336,0.45833333333333337
Matt Robinson,32,1,8,28,44,96,45.833333333333336,0.45833333333333337
Steve Serby,159,5,42,134,218,477,45.702306079664574,0.45702306079664573
Ari Meirov,96,3,25,81,131,288,45.486111111111114,0.45486111111111116
Eddie Brown,127,4,35,103,173,381,45.40682414698163,0.4540682414698163
John Daigle,159,5,41,134,216,477,45.283018867924525,0.45283018867924524
RJ White,106,4,27,90,144,318,45.283018867924525,0.45283018867924524
Jeff Ratcliffe,95,3,23,83,129,285,45.26315789473684,0.45263157894736844
Josh Norris,191,6,50,159,259,573,45.20069808027923,0.45200698080279234
Justin Fried,31,1,8,26,42,93,45.16129032258065,0.4516129032258065
Jeremy Bissett,127,4,34,103,171,381,44.881889763779526,0.44881889763779526
Ryan McCrystal,64,2,17,52,86,192,44.791666666666664,0.44791666666666663
Johnny McGonigal,64,2,16,54,86,192,44.791666666666664,0.44791666666666663
Clint Lamb,32,1,9,25,43,96,44.791666666666664,0.44791666666666663
Ely Allen,32,1,9,25,43,96,44.791666666666664,0.44791666666666663
Jeremy Betz,32,1,9,25,43,96,44.791666666666664,0.44791666666666663
Cole Thompson,32,1,8,27,43,96,44.791666666666664,0.44791666666666663
Donnie Druin,32,1,8,27,43,96,44.791666666666664,0.44791666666666663
Jesse Pantuosco,32,1,8,27,43,96,44.791666666666664,0.44791666666666663
Marco Enriquez,32,1,8,27,43,96,44.791666666666664,0.44791666666666663
Miguel Carias,32,1,8,27,43,96,44.791666666666664,0.44791666666666663
Mike Nicastro,32,1,8,27,43,96,44.791666666666664,0.44791666666666663
Ray Mencio,32,1,8,27,43,96,44.791666666666664,0.44791666666666663
Tim Lettiero,32,1,8,27,43,96,44.791666666666664,0.44791666666666663
Michael Middlehurst-Schwartz,159,5,39,135,213,477,44.65408805031446,0.4465408805031446
Anthony Rizzuti,95,3,24,79,127,285,44.56140350877193,0.4456140350877193
Andrew Erickson,159,5,40,132,212,477,44.44444444444444,0.4444444444444444
Matt Youmans,127,4,31,107,169,381,44.356955380577425,0.44356955380577423
Jason Pruett,191,6,49,156,254,573,44.32809773123909,0.4432809773123909
Richie Bradshaw,64,2,17,51,85,192,44.270833333333336,0.44270833333333337
Trevor Sikkema,159,5,39,133,211,477,44.23480083857442,0.44234800838574423
Roy Countryman,95,3,24,78,126,285,44.21052631578947,0.4421052631578947
Russell Brown,95,3,23,80,126,285,44.21052631578947,0.4421052631578947
Chet Gresham,95,3,22,82,126,285,44.21052631578947,0.4421052631578947
Kevin Fielder,31,1,8,25,41,93,44.086021505376344,0.44086021505376344
Lance Zierlein,191,6,45,162,252,573,43.97905759162304,0.4397905759162304
Matthew Freedman,191,6,45,162,252,573,43.97905759162304,0.4397905759162304
Tim Murray,63,2,15,53,83,189,43.91534391534392,0.4391534391534392
Steven Cheah,127,4,32,103,167,381,43.83202099737533,0.4383202099737533
Charles Davis,191,6,48,155,251,573,43.80453752181501,0.43804537521815007
Nate Bouda,191,6,47,157,251,573,43.80453752181501,0.43804537521815007
Daniel Jeremiah,191,6,46,159,251,573,43.80453752181501,0.43804537521815007
Peter Schrager,191,6,44,163,251,573,43.80453752181501,0.43804537521815007
Alan Saunders,64,2,15,54,84,192,43.75,0.4375
Joe Gilbert,32,1,10,22,42,96,43.75,0.4375
Dave Zangaro,32,1,9,24,42,96,43.75,0.4375
Ian Hartitz,32,1,9,24,42,96,43.75,0.4375
Jeremy Hayes,32,1,9,24,42,96,43.75,0.4375
Andrew Falce,32,1,8,26,42,96,43.75,0.4375
Chris Roling,32,1,8,26,42,96,43.75,0.4375
FanNation,32,1,8,26,42,96,43.75,0.4375
Geoffrey Godfrey,32,1,8,26,42,96,43.75,0.4375
Justin Ockun,32,1,8,26,42,96,43.75,0.4375
Matt Kelley,32,1,8,26,42,96,43.75,0.4375
Matthew Valdovinos,32,1,8,26,42,96,43.75,0.4375
Mike Schneid,32,1,8,26,42,96,43.75,0.4375
Peter Jurich,32,1,8,26,42,96,43.75,0.4375
Sean T. McGuire,32,1,8,26,42,96,43.75,0.4375
Vinny Somma,32,1,8,26,42,96,43.75,0.4375
Timo Riske,32,1,7,28,42,96,43.75,0.4375
Tim Twentyman,29,1,7,24,38,87,43.67816091954023,0.4367816091954023
Jonathan Jones,191,6,46,158,250,573,43.63001745200698,0.4363001745200698
Ben Allbright,95,3,24,76,124,285,43.50877192982456,0.43508771929824563
Matthew Jones,95,3,22,80,124,285,43.50877192982456,0.43508771929824563
Jim Derry,10,1,2,9,13,30,43.333333333333336,0.43333333333333335
Mathis Gaglione,10,1,2,9,13,30,43.333333333333336,0.43333333333333335
Ryan Pawloski,64,2,16,51,83,192,43.229166666666664,0.43229166666666663
Dakota Cox,64,2,15,53,83,192,43.229166666666664,0.43229166666666663
Danny Kelly,64,2,15,53,83,192,43.229166666666664,0.43229166666666663
Omar Kelly,64,2,15,53,83,192,43.229166666666664,0.43229166666666663
Jeff Bell,64,2,14,55,83,192,43.229166666666664,0.43229166666666663
Harris Oates,95,3,24,75,123,285,43.1578947368421,0.431578947368421
Connor Rogers,95,3,21,81,123,285,43.1578947368421,0.431578947368421
Sean Koerner,95,3,21,81,123,285,43.1578947368421,0.431578947368421
Dan Kadar,96,3,24,76,124,288,43.05555555555556,0.4305555555555556
Ben Axelrod,127,4,31,102,164,381,43.044619422572175,0.4304461942257218
Kyle Stackpole,127,4,28,108,164,381,43.044619422572175,0.4304461942257218
Dustin Nelson,31,1,9,22,40,93,43.01075268817204,0.4301075268817204
Dave Bryan,31,1,8,24,40,93,43.01075268817204,0.4301075268817204
Diante Lee,31,1,8,24,40,93,43.01075268817204,0.4301075268817204
Brittney Flinn,31,1,7,26,40,93,43.01075268817204,0.4301075268817204
Justin Worsley,31,1,7,26,40,93,43.01075268817204,0.4301075268817204
Brad Spielberger,63,2,13,55,81,189,42.857142857142854,0.42857142857142855
Hayden Winks,159,5,35,134,204,477,42.76729559748428,0.4276729559748428
Logan Ulrich,191,6,43,159,245,573,42.75741710296684,0.4275741710296684
Jon Ledyard,96,3,23,77,123,288,42.708333333333336,0.42708333333333337
Jake Rosen,96,3,21,81,123,288,42.708333333333336,0.42708333333333337
Ryan Phillips,64,2,17,48,82,192,42.708333333333336,0.42708333333333337
Benjamin Solak,64,2,15,52,82,192,42.708333333333336,0.42708333333333337
A.J. Schulte,32,1,8,25,41,96,42.708333333333336,0.42708333333333337
Ayrton Ostly,32,1,8,25,41,96,42.708333333333336,0.42708333333333337
Daulton Drew,32,1,8,25,41,96,42.708333333333336,0.42708333333333337
John Laub,32,1,8,25,41,96,42.708333333333336,0.42708333333333337
Josh Schrock,32,1,8,25,41,96,42.708333333333336,0.42708333333333337
Kyle Newman,32,1,8,25,41,96,42.708333333333336,0.42708333333333337
Matt Miller,32,1,8,25,41,96,42.708333333333336,0.42708333333333337
Mike Freeman,32,1,8,25,41,96,42.708333333333336,0.42708333333333337
Aaron Jurkowitz,32,1,7,27,41,96,42.708333333333336,0.42708333333333337
Alfredo Brown,32,1,7,27,41,96,42.708333333333336,0.42708333333333337
Andrew Cooper,32,1,7,27,41,96,42.708333333333336,0.42708333333333337
Andy Young,32,1,7,27,41,96,42.708333333333336,0.42708333333333337
Brooks Kubena,32,1,7,27,41,96,42.708333333333336,0.42708333333333337
Jeremy Klump,32,1,7,27,41,96,42.708333333333336,0.42708333333333337
Reese Jones,32,1,7,27,41,96,42.708333333333336,0.42708333333333337
Richard Bradshaw,32,1,7,27,41,96,42.708333333333336,0.42708333333333337
Ryan Roberts,32,1,7,27,41,96,42.708333333333336,0.42708333333333337
Tyler Dragon,32,1,7,27,41,96,42.708333333333336,0.42708333333333337
Brian Johannes,95,3,21,79,121,285,42.45614035087719,0.4245614035087719
Andrew Caley,95,3,20,81,121,285,42.45614035087719,0.4245614035087719
Rob Staton,96,3,21,80,122,288,42.361111111111114,0.42361111111111116
Nick Jacobs,63,2,14,52,80,189,42.32804232804233,0.4232804232804233
Ryan Wilson,191,6,44,154,242,573,42.23385689354276,0.4223385689354276
Jimmy Kempski,191,6,41,160,242,573,42.23385689354276,0.4223385689354276
Andrew Aziz,128,4,30,102,162,384,42.1875,0.421875
Josh Frey,64,2,15,51,81,192,42.1875,0.421875
Jacob Infante,159,5,36,129,201,477,42.138364779874216,0.42138364779874216
Sean Balzer,95,3,19,82,120,285,42.10526315789474,0.4210526315789474
Cody Benjamin,191,6,43,155,241,573,42.05933682373473,0.42059336823734733
James Dator,96,3,21,79,121,288,42.013888888888886,0.42013888888888884
Andrew Albin,31,1,7,25,39,93,41.935483870967744,0.41935483870967744
Chris Schubert,31,1,7,25,39,93,41.935483870967744,0.41935483870967744
Frank T. Raines,31,1,7,25,39,93,41.935483870967744,0.41935483870967744
Joe Schad,128,4,30,101,161,384,41.927083333333336,0.41927083333333337
Connor Allen,94,3,20,78,118,282,41.843971631205676,0.4184397163120568
Adam Aizer,63,2,14,51,79,189,41.7989417989418,0.41798941798941797
Nate Davis,158,5,35,128,198,474,41.77215189873418,0.4177215189873418
Daniel Kornhauser,95,3,21,77,119,285,41.75438596491228,0.41754385964912283
Peter King,127,4,30,99,159,381,41.732283464566926,0.41732283464566927
Joel Klatt,127,4,29,101,159,381,41.732283464566926,0.41732283464566927
Nick Barrett,127,4,27,105,159,381,41.732283464566926,0.41732283464566927
Kyle Crabbs,96,3,21,78,120,288,41.666666666666664,0.41666666666666663
Charley Casserly,64,2,15,50,80,192,41.666666666666664,0.41666666666666663
Brett Gibbons,64,2,14,52,80,192,41.666666666666664,0.41666666666666663
Erich Richter,64,2,14,52,80,192,41.666666666666664,0.41666666666666663
Nick Wright,64,2,14,52,80,192,41.666666666666664,0.41666666666666663
Chris Tomasson,64,2,13,54,80,192,41.666666666666664,0.41666666666666663
Andersen Pickard,32,1,8,24,40,96,41.666666666666664,0.41666666666666663
Andrew DiCecco,32,1,8,24,40,96,41.666666666666664,0.41666666666666663
Daniel Kitchen,32,1,8,24,40,96,41.666666666666664,0.41666666666666663
Dylan Mickanen,32,1,8,24,40,96,41.666666666666664,0.41666666666666663
Joe Bartel,32,1,8,24,40,96,41.666666666666664,0.41666666666666663
Kamran Nia,32,1,8,24,40,96,41.666666666666664,0.41666666666666663
Lance Cartelli,32,1,8,24,40,96,41.666666666666664,0.41666666666666663
Media,32,1,8,24,40,96,41.666666666666664,0.41666666666666663
Jack Borowsky,32,1,7,26,40,96,41.666666666666664,0.41666666666666663
Kory Woods,32,1,7,26,40,96,41.666666666666664,0.41666666666666663
Manish Mehta,32,1,7,26,40,96,41.666666666666664,0.41666666666666663
Ryan Novozinsky,32,1,7,26,40,96,41.666666666666664,0.41666666666666663
Sean Newcomb,32,1,7,26,40,96,41.666666666666664,0.41666666666666663
Bill Huber,32,1,6,28,40,96,41.666666666666664,0.41666666666666663
Danny Parkins,32,1,6,28,40,96,41.666666666666664,0.41666666666666663
Eric Edholm,159,5,34,130,198,477,41.509433962264154,0.41509433962264153
Mike Kiwak,127,4,28,102,158,381,41.46981627296588,0.4146981627296588
Mike Mulhern,160,5,34,131,199,480,41.458333333333336,0.41458333333333336
Shane Hallam,128,4,25,109,159,384,41.40625,0.4140625
Kyle Dvorchak,95,3,20,78,118,285,41.40350877192982,0.4140350877192982
C.J. Doon,96,3,21,77,119,288,41.31944444444444,0.4131944444444444
Joe Giglio,63,2,14,50,78,189,41.26984126984127,0.41269841269841273
Joe Serpico,63,2,13,52,78,189,41.26984126984127,0.41269841269841273
Kevin Hickey,63,2,13,52,78,189,41.26984126984127,0.41269841269841273
Brad Weiss,63,2,12,54,78,189,41.26984126984127,0.41269841269841273
Lou Scataglia,42,2,8,36,52,126,41.26984126984127,0.41269841269841273
Vinnie Iyer,160,5,36,126,198,480,41.25,0.4125
Cletis Cutts,127,4,27,103,157,381,41.20734908136483,0.4120734908136483
Pete Prisco,191,6,37,162,236,573,41.18673647469459,0.4118673647469459
Daniel Spencer,64,2,15,49,79,192,41.145833333333336,0.41145833333333337
Mike Tagliere,64,2,15,49,79,192,41.145833333333336,0.41145833333333337
Chris Gregory,64,2,13,53,79,192,41.145833333333336,0.41145833333333337
Benjamin Allbright,64,2,12,55,79,192,41.145833333333336,0.41145833333333337
Matt Verderame,64,2,12,55,79,192,41.145833333333336,0.41145833333333337
Garrett Podell,95,3,19,79,117,285,41.05263157894737,0.4105263157894737
Cody Zeeb,95,3,18,81,117,285,41.05263157894737,0.4105263157894737
Dane Brugler,95,3,18,81,117,285,41.05263157894737,0.4105263157894737
Jaime Eisner,127,4,27,102,156,381,40.94488188976378,0.4094488188976378
Dan Hope,159,5,33,129,195,477,40.880503144654085,0.40880503144654085
Phil Perry,159,5,32,131,195,477,40.880503144654085,0.40880503144654085
Andrew Freeman,31,1,7,24,38,93,40.86021505376344,0.4086021505376344
Isaac Nelson,31,1,6,26,38,93,40.86021505376344,0.4086021505376344
Rob Maaddi,63,2,13,51,77,189,40.74074074074074,0.4074074074074074
Freddie Boston,63,2,12,53,77,189,40.74074074074074,0.4074074074074074
Glynn Morgan,95,3,20,76,116,285,40.70175438596491,0.4070175438596491
Kent Weyrauch,95,3,18,80,116,285,40.70175438596491,0.4070175438596491
Thor Nystrom,191,6,39,155,233,573,40.66317626527051,0.40663176265270506
Keith Sanchez,96,3,20,77,117,288,40.625,0.40625
Reuben Frank,96,3,19,79,117,288,40.625,0.40625
Sam Teets,96,3,18,81,117,288,40.625,0.40625
DJ Boyer,64,2,16,46,78,192,40.625,0.40625
Brent Sobleski,64,2,14,50,78,192,40.625,0.40625
Gordon McGuinness,64,2,14,50,78,192,40.625,0.40625
Adam Stites,64,2,12,54,78,192,40.625,0.40625
Michael Fabiano,64,2,12,54,78,192,40.625,0.40625
Logan Jakubajtys,32,1,8,23,39,96,40.625,0.40625
Nick Klopsis,32,1,8,23,39,96,40.625,0.40625
Peter Burtnett,32,1,8,23,39,96,40.625,0.40625
Alexi Iafrato,32,1,7,25,39,96,40.625,0.40625
Andrew Lalama,32,1,7,25,39,96,40.625,0.40625
Brian Miller,32,1,7,25,39,96,40.625,0.40625
Gentry Estes,32,1,7,25,39,96,40.625,0.40625
Halil's Real Footballtalk,32,1,7,25,39,96,40.625,0.40625
Jason Ramirez,32,1,7,25,39,96,40.625,0.40625
Mark Johnson,32,1,7,25,39,96,40.625,0.40625
Mark Maske,32,1,7,25,39,96,40.625,0.40625
Neal Driscoll,32,1,7,25,39,96,40.625,0.40625
Collin Haalboom,32,1,6,27,39,96,40.625,0.40625
Dylan Chappine,32,1,6,27,39,96,40.625,0.40625
Grant Tuttle,32,1,6,27,39,96,40.625,0.40625
Jacob Louque,32,1,6,27,39,96,40.625,0.40625
Joe DeLeone,32,1,6,27,39,96,40.625,0.40625
John Shipley,32,1,6,27,39,96,40.625,0.40625
Kurt Blakeway,32,1,6,27,39,96,40.625,0.40625
Kyle Lindemann,32,1,6,27,39,96,40.625,0.40625
Kyler Cress,32,1,6,27,39,96,40.625,0.40625
Luke Reimer,32,1,6,27,39,96,40.625,0.40625
Matt Stopsky,32,1,6,27,39,96,40.625,0.40625
Mike Luchene,32,1,6,27,39,96,40.625,0.40625
Ryan Mink,32,1,6,27,39,96,40.625,0.40625
Ryan Schlipp,32,1,6,27,39,96,40.625,0.40625
Josh Edwards,191,6,40,152,232,573,40.488656195462475,0.40488656195462475
Brad Biggs,127,4,25,104,154,381,40.41994750656168,0.40419947506561676
Tyler Sullivan,160,5,33,128,194,480,40.416666666666664,0.4041666666666666
HC Green,95,3,20,75,115,285,40.35087719298246,0.4035087719298246
Matt Johnson,95,3,19,77,115,285,40.35087719298246,0.4035087719298246
Jason Bantle,96,3,20,76,116,288,40.27777777777778,0.4027777777777778
Logan Lamorandier,96,3,19,78,116,288,40.27777777777778,0.4027777777777778
Ryan Noonan,127,4,23,107,153,381,40.15748031496063,0.4015748031496063
Brian Lamb,64,2,13,51,77,192,40.104166666666664,0.40104166666666663
John Clayton,64,2,13,51,77,192,40.104166666666664,0.40104166666666663
Levi Damien,64,2,13,51,77,192,40.104166666666664,0.40104166666666663
Owain Jones,64,2,13,51,77,192,40.104166666666664,0.40104166666666663
Joe Marino,64,2,11,55,77,192,40.104166666666664,0.40104166666666663
Bruce Nolan,95,3,19,76,114,285,40.0,0.4
Nick O'Malley,126,4,26,99,151,378,39.94708994708995,0.3994708994708995
Jason La Canfora,127,4,25,102,152,381,39.89501312335958,0.39895013123359585
Brian Bosarge,127,4,24,104,152,381,39.89501312335958,0.39895013123359585
Sanaya Vakharia,31,1,7,23,37,93,39.784946236559136,0.3978494623655914
Bill Burt,31,1,6,25,37,93,39.784946236559136,0.3978494623655914
Scott Barrett,31,1,6,25,37,93,39.784946236559136,0.3978494623655914
Glenn Erby,31,1,5,27,37,93,39.784946236559136,0.3978494623655914
Matthew Betz,31,1,5,27,37,93,39.784946236559136,0.3978494623655914
Luke Easterling,94,3,17,78,112,282,39.716312056737586,0.39716312056737585
Richard Janvrin,63,2,11,53,75,189,39.682539682539684,0.39682539682539686
Cody Carpentier,63,2,10,55,75,189,39.682539682539684,0.39682539682539686
Daniel Garrett,63,2,10,55,75,189,39.682539682539684,0.39682539682539686
Jess Root,95,3,18,77,113,285,39.64912280701754,0.3964912280701754
Jason McIntyre,127,4,25,101,151,381,39.63254593175853,0.3963254593175853
Dalton Miller,96,3,19,76,114,288,39.583333333333336,0.39583333333333337
Kevin Hanson,96,3,18,78,114,288,39.583333333333336,0.39583333333333337
Jenny Vrentas,64,2,14,48,76,192,39.583333333333336,0.39583333333333337
Cory Kinnan,64,2,13,50,76,192,39.583333333333336,0.39583333333333337
Ethan Woodle,64,2,13,50,76,192,39.583333333333336,0.39583333333333337
Carter Landis,64,2,11,54,76,192,39.583333333333336,0.39583333333333337
Clint Brakebill,32,1,8,22,38,96,39.583333333333336,0.39583333333333337
Keegan Pope,32,1,8,22,38,96,39.583333333333336,0.39583333333333337
Zach Buckley,32,1,8,22,38,96,39.583333333333336,0.39583333333333337
Bowen Morrison,32,1,7,24,38,96,39.583333333333336,0.39583333333333337
Brett Knight,32,1,7,24,38,96,39.583333333333336,0.39583333333333337
David Kromelow,32,1,7,24,38,96,39.583333333333336,0.39583333333333337
Doug McCray,32,1,7,24,38,96,39.583333333333336,0.39583333333333337
Dr. Roto,32,1,7,24,38,96,39.583333333333336,0.39583333333333337
Frankie Taddeo,32,1,7,24,38,96,39.583333333333336,0.39583333333333337
Joe Hopkins,32,1,7,24,38,96,39.583333333333336,0.39583333333333337
Montel Hardy,32,1,7,24,38,96,39.583333333333336,0.39583333333333337
Nick Farabaugh,32,1,7,24,38,96,39.583333333333336,0.39583333333333337
Skyler Carlin,32,1,7,24,38,96,39.583333333333336,0.39583333333333337
Alexis Mansanarez,32,1,6,26,38,96,39.583333333333336,0.39583333333333337
Antwan Staley,32,1,6,26,38,96,39.583333333333336,0.39583333333333337
Bob Morris,32,1,6,26,38,96,39.583333333333336,0.39583333333333337
Dan Fornek,32,1,6,26,38,96,39.583333333333336,0.39583333333333337
Eric Galko,32,1,6,26,38,96,39.583333333333336,0.39583333333333337
J.T. Olson,32,1,6,26,38,96,39.583333333333336,0.39583333333333337
Jack David,32,1,6,26,38,96,39.583333333333336,0.39583333333333337
Jonas Shaffer,32,1,6,26,38,96,39.583333333333336,0.39583333333333337
Keith Sheeran,32,1,6,26,38,96,39.583333333333336,0.39583333333333337
Matt Brandon,32,1,6,26,38,96,39.583333333333336,0.39583333333333337
Mauricio Rodriguez,32,1,6,26,38,96,39.583333333333336,0.39583333333333337
Mike Luciano,32,1,6,26,38,96,39.583333333333336,0.39583333333333337
Nick Mongiovi,32,1,6,26,38,96,39.583333333333336,0.39583333333333337
Safid Deen,32,1,6,26,38,96,39.583333333333336,0.39583333333333337
Scott Reynolds,32,1,6,26,38,96,39.583333333333336,0.39583333333333337
Theo Mackie,32,1,6,26,38,96,39.583333333333336,0.39583333333333337
William Herman,32,1,6,26,38,96,39.583333333333336,0.39583333333333337
Charlie Wilson,32,1,5,28,38,96,39.583333333333336,0.39583333333333337
David Latham,32,1,5,28,38,96,39.583333333333336,0.39583333333333337
Landon Belote,32,1,5,28,38,96,39.583333333333336,0.39583333333333337
Shamus Clancy,32,1,5,28,38,96,39.583333333333336,0.39583333333333337
Justin Melo,191,6,40,146,226,573,39.44153577661431,0.3944153577661431
Evan Silva,191,6,35,156,226,573,39.44153577661431,0.3944153577661431
Zack Pearson,159,5,30,128,188,477,39.41299790356394,0.3941299790356394
Dan Schneier,127,4,27,96,150,381,39.37007874015748,0.3937007874015748
Liam Blutman,95,3,18,76,112,285,39.29824561403509,0.3929824561403509
Chris Trapasso,191,6,37,151,225,573,39.26701570680628,0.39267015706806285
Tony Pauline,96,3,18,77,113,288,39.236111111111114,0.39236111111111116
Calvin Watkins,159,5,30,127,187,477,39.20335429769392,0.3920335429769392
Cam Garrity,63,2,12,50,74,189,39.15343915343915,0.3915343915343915
Matt Lombardo,63,2,11,52,74,189,39.15343915343915,0.3915343915343915
Michael Renner,127,4,24,101,149,381,39.10761154855643,0.39107611548556426
Conor Orr,128,4,24,102,150,384,39.0625,0.390625
Mike Fanelli,128,4,23,104,150,384,39.0625,0.390625
Micky McKeon,64,2,13,49,75,192,39.0625,0.390625
Brad Menendez,64,2,12,51,75,192,39.0625,0.390625
Pat Fitzmaurice,64,2,12,51,75,192,39.0625,0.390625
Ryan Kramer,64,2,11,53,75,192,39.0625,0.390625
Bryan DeArdo,95,3,18,75,111,285,38.94736842105263,0.3894736842105263
Keith Lott,95,3,16,79,111,285,38.94736842105263,0.3894736842105263
Michael Marino,95,3,16,79,111,285,38.94736842105263,0.3894736842105263
Sam Farmer,191,6,35,153,223,573,38.917975567190226,0.38917975567190227
Pete Fiutak,96,3,20,72,112,288,38.888888888888886,0.38888888888888884
Andrew Wilbar,96,3,19,74,112,288,38.888888888888886,0.38888888888888884
Bill Zimmerman,96,3,17,78,112,288,38.888888888888886,0.38888888888888884
Seth Trachtman,127,4,24,100,148,381,38.84514435695538,0.3884514435695538
Ryan Fowler,127,4,23,102,148,381,38.84514435695538,0.3884514435695538
David Howman,128,4,23,103,149,384,38.802083333333336,0.38802083333333337
Sayre Bedinger,159,5,28,129,185,477,38.78406708595388,0.38784067085953877
Staff,3423,6,620,2739,3979,10269,38.747687213944886,0.38747687213944887
Hart Pisani,31,1,7,22,36,93,38.70967741935484,0.3870967741935484
Heath Cummings,31,1,6,24,36,93,38.70967741935484,0.3870967741935484
Mike Kashuba,31,1,6,24,36,93,38.70967741935484,0.3870967741935484
Sam Farnsworth,31,1,6,24,36,93,38.70967741935484,0.3870967741935484
David P. Woods,31,1,5,26,36,93,38.70967741935484,0.3870967741935484
Jonathan M. Alexander,31,1,5,26,36,93,38.70967741935484,0.3870967741935484
Josh Friedman,63,2,11,51,73,189,38.62433862433863,0.3862433862433863
Sean Hammond,63,2,11,51,73,189,38.62433862433863,0.3862433862433863
Armando Salguero,63,2,10,53,73,189,38.62433862433863,0.3862433862433863
Jake Oliver,63,2,9,55,73,189,38.62433862433863,0.3862433862433863
Cam Marino,95,3,18,74,110,285,38.59649122807018,0.3859649122807018
Ian Cummings,96,3,19,73,111,288,38.541666666666664,0.38541666666666663
Mark Schofield,96,3,18,75,111,288,38.541666666666664,0.38541666666666663
Andrew Harbaugh,64,2,12,50,74,192,38.541666666666664,0.38541666666666663
Cayden Steele,64,2,11,52,74,192,38.541666666666664,0.38541666666666663
Alec Pulido,32,1,7,23,37,96,38.541666666666664,0.38541666666666663
Jess Overby,32,1,7,23,37,96,38.541666666666664,0.38541666666666663
Kevin Nogle,32,1,7,23,37,96,38.541666666666664,0.38541666666666663
Dalton Johnson & Josh Schrock,32,1,6,25,37,96,38.541666666666664,0.38541666666666663
Daniel Belton,32,1,6,25,37,96,38.541666666666664,0.38541666666666663
Devin Jackson,32,1,6,25,37,96,38.541666666666664,0.38541666666666663
Gary Gramling,32,1,6,25,37,96,38.541666666666664,0.38541666666666663
John Molnar,32,1,6,25,37,96,38.541666666666664,0.38541666666666663
Jon Heath,32,1,6,25,37,96,38.541666666666664,0.38541666666666663
Jordy McElroy,32,1,6,25,37,96,38.541666666666664,0.38541666666666663
Joseph Harlow,32,1,6,25,37,96,38.541666666666664,0.38541666666666663
Matthew Paras & Adam Zielonka,32,1,6,25,37,96,38.541666666666664,0.38541666666666663
Parker Gabriel,32,1,6,25,37,96,38.541666666666664,0.38541666666666663
Zack Dietz,32,1,6,25,37,96,38.541666666666664,0.38541666666666663
Bill Richette,32,1,5,27,37,96,38.541666666666664,0.38541666666666663
Cannon Brisco,32,1,5,27,37,96,38.541666666666664,0.38541666666666663
Dante Collinelli,32,1,5,27,37,96,38.541666666666664,0.38541666666666663
David Heilman,32,1,5,27,37,96,38.541666666666664,0.38541666666666663
Eric Eager,32,1,5,27,37,96,38.541666666666664,0.38541666666666663
Isaiah Benitez,32,1,5,27,37,96,38.541666666666664,0.38541666666666663
Jake Arians,32,1,5,27,37,96,38.541666666666664,0.38541666666666663
Jason Sarney,32,1,5,27,37,96,38.541666666666664,0.38541666666666663
Paul Bretl,32,1,5,27,37,96,38.541666666666664,0.38541666666666663
Seth Quinn,32,1,5,27,37,96,38.541666666666664,0.38541666666666663
Austin Gayle,32,1,4,29,37,96,38.541666666666664,0.38541666666666663
Brian Philpot,32,1,4,29,37,96,38.541666666666664,0.38541666666666663
Dave Richard,95,3,16,77,109,285,38.24561403508772,0.3824561403508772
Brentley Weissman,95,3,14,81,109,285,38.24561403508772,0.3824561403508772
Alex Butler,96,3,19,72,110,288,38.19444444444444,0.3819444444444444
Cam Inman,96,3,16,78,110,288,38.19444444444444,0.3819444444444444
Chris Perkins,96,3,15,80,110,288,38.19444444444444,0.3819444444444444
Chris Ransom,159,5,31,120,182,477,38.15513626834382,0.38155136268343814
Mark Morales-Smith,63,2,14,44,72,189,38.095238095238095,0.38095238095238093
Mitch Vosburg,63,2,11,50,72,189,38.095238095238095,0.38095238095238093
David Dorey,127,4,23,99,145,381,38.05774278215223,0.3805774278215223
Tim Bielik,127,4,22,101,145,381,38.05774278215223,0.3805774278215223
Zach Brunner,127,4,19,107,145,381,38.05774278215223,0.3805774278215223
Tony Mario,128,4,24,98,146,384,38.020833333333336,0.38020833333333337
Ben Morgan,64,2,13,47,73,192,38.020833333333336,0.38020833333333337
Art Stapleton,64,2,12,49,73,192,38.020833333333336,0.38020833333333337
Bob McManaman,64,2,12,49,73,192,38.020833333333336,0.38020833333333337
Daniel Gallen,64,2,12,49,73,192,38.020833333333336,0.38020833333333337
Vincent Parise,64,2,10,53,73,192,38.020833333333336,0.38020833333333337
Ben Natan,158,5,27,126,180,474,37.9746835443038,0.379746835443038
Kyle Meinke,95,3,17,74,108,285,37.89473684210526,0.3789473684210526
Tyler Forness,95,3,17,74,108,285,37.89473684210526,0.3789473684210526
Alyssa Barbieri,95,3,15,78,108,285,37.89473684210526,0.3789473684210526
Bryan Fischer,96,3,17,75,109,288,37.84722222222222,0.3784722222222222
Marcus Mosher,160,5,23,135,181,480,37.708333333333336,0.3770833333333334
Adrian Broaddus,31,1,4,27,35,93,37.634408602150536,0.3763440860215054
Nathan Cooper,31,1,4,27,35,93,37.634408602150536,0.3763440860215054
Will Brinson,159,5,28,123,179,477,37.526205450733755,0.3752620545073376
Cory Bonini,128,4,21,102,144,384,37.5,0.375
Adam Hill,96,3,16,76,108,288,37.5,0.375
Bob Glauber,64,2,11,50,72,192,37.5,0.375
Joe Rowles,64,2,11,50,72,192,37.5,0.375
Kyle Smith,64,2,9,54,72,192,37.5,0.375
Eric Walden,32,1,7,22,36,96,37.5,0.375
Anthony Broome,32,1,6,24,36,96,37.5,0.375
Brenden Armour,32,1,6,24,36,96,37.5,0.375
Brian Emory,32,1,6,24,36,96,37.5,0.375
Gilbert Manzano,32,1,6,24,36,96,37.5,0.375
Hunter Ansley,32,1,6,24,36,96,37.5,0.375
Samuel Teets,32,1,6,24,36,96,37.5,0.375
Tab Bamford,32,1,6,24,36,96,37.5,0.375
Adam Murfet,32,1,5,26,36,96,37.5,0.375
Ben Linsey,32,1,5,26,36,96,37.5,0.375
Brady Auer,32,1,5,26,36,96,37.5,0.375
Cameron DaSilva,32,1,5,26,36,96,37.5,0.375
Dan Zaksheske,32,1,5,26,36,96,37.5,0.375
Ethan Cadeaux,32,1,5,26,36,96,37.5,0.375
Geoff Schwartz,32,1,5,26,36,96,37.5,0.375
James Foster,32,1,5,26,36,96,37.5,0.375
Lorenz Leinweber,32,1,5,26,36,96,37.5,0.375
Matt Bowden,32,1,5,26,36,96,37.5,0.375
Matt Williamson,32,1,5,26,36,96,37.5,0.375
Meng Song,32,1,5,26,36,96,37.5,0.375
Nicolas Hoover,32,1,5,26,36,96,37.5,0.375
Tyler Marling,32,1,5,26,36,96,37.5,0.375
John Blair,32,1,4,28,36,96,37.5,0.375
Matt De Lima,32,1,4,28,36,96,37.5,0.375
Ric Serritella,32,1,4,28,36,96,37.5,0.375
Mike O'Hara,50,2,7,42,56,150,37.333333333333336,0.37333333333333335
Mark Inabinett,95,3,15,76,106,285,37.19298245614035,0.3719298245614035
Patrik Walker,96,3,17,73,107,288,37.15277777777778,0.3715277777777778
Mike Florio,159,5,23,131,177,477,37.106918238993714,0.37106918238993714
Adam Hermann,63,2,12,46,70,189,37.03703703703704,0.3703703703703704
Brett Whitefield,63,2,9,52,70,189,37.03703703703704,0.3703703703703704
Nick Falato,63,2,9,52,70,189,37.03703703703704,0.3703703703703704
Joe DiTullio,128,4,22,98,142,384,36.979166666666664,0.36979166666666663
Oliver Hodgkinson,64,2,12,47,71,192,36.979166666666664,0.36979166666666663
David Furones,64,2,11,49,71,192,36.979166666666664,0.36979166666666663
Ian Valentino,64,2,11,49,71,192,36.979166666666664,0.36979166666666663
Sawyer Hicks,64,2,11,49,71,192,36.979166666666664,0.36979166666666663
Andrew Doherty,64,2,10,51,71,192,36.979166666666664,0.36979166666666663
Ben Volin,64,2,10,51,71,192,36.979166666666664,0.36979166666666663
Rob Rang,159,5,24,128,176,477,36.897274633123686,0.3689727463312369
Jeff Kerr,95,3,15,75,105,285,36.8421052631579,0.368421052631579
Matt Fitzgerald,95,3,15,75,105,285,36.8421052631579,0.368421052631579
Chad Reuter,192,6,32,148,212,576,36.80555555555556,0.3680555555555556
Cris Collinsworth,127,4,21,98,140,381,36.74540682414698,0.3674540682414698
Hunter Haas,127,4,20,100,140,381,36.74540682414698,0.3674540682414698
Spencer Urquhart,10,1,1,9,11,30,36.666666666666664,0.36666666666666664
Christian Williams,82,3,12,66,90,246,36.58536585365854,0.36585365853658536
Damian Parson,31,1,6,22,34,93,36.55913978494624,0.3655913978494624
Scott Carasik,31,1,6,22,34,93,36.55913978494624,0.3655913978494624
Tommy Garrett,31,1,6,22,34,93,36.55913978494624,0.3655913978494624
Alex Schmidt,31,1,5,24,34,93,36.55913978494624,0.3655913978494624
Eliot Crist,31,1,5,24,34,93,36.55913978494624,0.3655913978494624
Joshua Queipo,31,1,5,24,34,93,36.55913978494624,0.3655913978494624
Luke Allen,31,1,5,24,34,93,36.55913978494624,0.3655913978494624
Patrick Flowers,31,1,5,24,34,93,36.55913978494624,0.3655913978494624
Trevor Jablonski,31,1,5,24,34,93,36.55913978494624,0.3655913978494624
Curtiss Brown,31,1,4,26,34,93,36.55913978494624,0.3655913978494624
Matt McEwan,31,1,4,26,34,93,36.55913978494624,0.3655913978494624
Ben Brown,31,1,3,28,34,93,36.55913978494624,0.3655913978494624
Dan Roche,95,3,13,78,104,285,36.49122807017544,0.3649122807017544
Randy Gurzi,127,4,21,97,139,381,36.48293963254593,0.3648293963254593
John McClain,64,2,12,46,70,192,36.458333333333336,0.36458333333333337
John Williams,64,2,11,48,70,192,36.458333333333336,0.36458333333333337
Alex Simpson,64,2,10,50,70,192,36.458333333333336,0.36458333333333337
Gennaro Filice,64,2,9,52,70,192,36.458333333333336,0.36458333333333337
Mike Hrynyshyn,64,2,9,52,70,192,36.458333333333336,0.36458333333333337
Patrick Conn,64,2,9,52,70,192,36.458333333333336,0.36458333333333337
Austin Mock,64,2,8,54,70,192,36.458333333333336,0.36458333333333337
A.J. Cola,32,1,6,23,35,96,36.458333333333336,0.36458333333333337
Bobby Sylvester,32,1,6,23,35,96,36.458333333333336,0.36458333333333337
Dale-Paul Jordan,32,1,6,23,35,96,36.458333333333336,0.36458333333333337
DraftGeek,32,1,6,23,35,96,36.458333333333336,0.36458333333333337
Geoffrey C. Arnold,32,1,6,23,35,96,36.458333333333336,0.36458333333333337
Hunter Thompson,32,1,6,23,35,96,36.458333333333336,0.36458333333333337
Auburn Daily,32,1,5,25,35,96,36.458333333333336,0.36458333333333337
Barry Wilner,32,1,5,25,35,96,36.458333333333336,0.36458333333333337
Cale Ahearn,32,1,5,25,35,96,36.458333333333336,0.36458333333333337
Chris Congemo,32,1,5,25,35,96,36.458333333333336,0.36458333333333337
Daniel Harms,32,1,5,25,35,96,36.458333333333336,0.36458333333333337
Ian Higgins,32,1,5,25,35,96,36.458333333333336,0.36458333333333337
Jack Bethel,32,1,5,25,35,96,36.458333333333336,0.36458333333333337
Jack Wargo,32,1,5,25,35,96,36.458333333333336,0.36458333333333337
James Pike,32,1,5,25,35,96,36.458333333333336,0.36458333333333337
Jared Feinberg,32,1,5,25,35,96,36.458333333333336,0.36458333333333337
Joseph Pantorno,32,1,5,25,35,96,36.458333333333336,0.36458333333333337
Khaled Abdallah,32,1,5,25,35,96,36.458333333333336,0.36458333333333337
Matt Bitonti,32,1,5,25,35,96,36.458333333333336,0.36458333333333337
Schuyler Callihan,32,1,5,25,35,96,36.458333333333336,0.36458333333333337
Vitor Paiva,32,1,5,25,35,96,36.458333333333336,0.36458333333333337
Alex Joyce,32,1,4,27,35,96,36.458333333333336,0.36458333333333337
Bobby Bishop,32,1,4,27,35,96,36.458333333333336,0.36458333333333337
JR Radcliffe,32,1,4,27,35,96,36.458333333333336,0.36458333333333337
Mick Tidrow,32,1,4,27,35,96,36.458333333333336,0.36458333333333337
Mikey Ostrowski,32,1,4,27,35,96,36.458333333333336,0.36458333333333337
Nolan Bianchi,32,1,4,27,35,96,36.458333333333336,0.36458333333333337
Emory Hunt,95,3,17,69,103,285,36.14035087719298,0.3614035087719298
Justin Mark,95,3,14,75,103,285,36.14035087719298,0.3614035087719298
Bucky Brooks,191,6,30,147,207,573,36.12565445026178,0.3612565445026178
Chris Emma,63,2,9,50,68,189,35.97883597883598,0.3597883597883598
Mike Lockhart,63,2,7,54,68,189,35.97883597883598,0.3597883597883598
Dylan Sanders,64,2,10,49,69,192,35.9375,0.359375
James Fragoza,95,3,16,70,102,285,35.78947368421053,0.35789473684210527
J.P. Acosta,95,3,15,72,102,285,35.78947368421053,0.35789473684210527
Trenton Corn,95,3,14,74,102,285,35.78947368421053,0.35789473684210527
Benjamin Robinson,95,3,12,78,102,285,35.78947368421053,0.35789473684210527
Chris McGlynn,96,3,15,73,103,288,35.763888888888886,0.35763888888888884
Jared Dubin,159,5,24,122,170,477,35.63941299790356,0.35639412997903563
Gregg Bell,31,1,5,23,33,93,35.483870967741936,0.3548387096774194
Connor O'Gara,31,1,4,25,33,93,35.483870967741936,0.3548387096774194
Dane Massey,31,1,4,25,33,93,35.483870967741936,0.3548387096774194
Eric Froton,31,1,4,25,33,93,35.483870967741936,0.3548387096774194
Ken Zalis,31,1,4,25,33,93,35.483870967741936,0.3548387096774194
Gino Tomaselli,63,2,10,47,67,189,35.44973544973545,0.3544973544973545
Jon Witt,63,2,9,49,67,189,35.44973544973545,0.3544973544973545
Andrew Buller-Russ,63,2,8,51,67,189,35.44973544973545,0.3544973544973545
Jeff Risdon,158,5,22,124,168,474,35.44303797468354,0.3544303797468354
Donovan Perez-Schipper,95,3,15,71,101,285,35.43859649122807,0.3543859649122807
Doug Farrar,95,3,14,73,101,285,35.43859649122807,0.3543859649122807
Cody Williams,159,5,22,125,169,477,35.42976939203354,0.35429769392033544
Christian D'Andrea,96,3,13,76,102,288,35.416666666666664,0.35416666666666663
Alex Kozora,96,3,12,78,102,288,35.416666666666664,0.35416666666666663
Michael Hanich,64,2,10,48,68,192,35.416666666666664,0.35416666666666663
Jason Lieser,32,1,6,22,34,96,35.416666666666664,0.35416666666666663
Josh Braegger,32,1,6,22,34,96,35.416666666666664,0.35416666666666663
Justin Rogers,32,1,6,22,34,96,35.416666666666664,0.35416666666666663
Sarah Hardy,32,1,6,22,34,96,35.416666666666664,0.35416666666666663
Charles McDonald,32,1,5,24,34,96,35.416666666666664,0.35416666666666663
Chase Hammes,32,1,5,24,34,96,35.416666666666664,0.35416666666666663
Chris Fallica,32,1,5,24,34,96,35.416666666666664,0.35416666666666663
Dave Kluge,32,1,5,24,34,96,35.416666666666664,0.35416666666666663
Destin Adams,32,1,5,24,34,96,35.416666666666664,0.35416666666666663
Domonique Foxworth,32,1,5,24,34,96,35.416666666666664,0.35416666666666663
Jasper Jones,32,1,5,24,34,96,35.416666666666664,0.35416666666666663
Josh Shippen,32,1,5,24,34,96,35.416666666666664,0.35416666666666663
Matthew Tabeek,32,1,5,24,34,96,35.416666666666664,0.35416666666666663
Ryland Scholes,32,1,5,24,34,96,35.416666666666664,0.35416666666666663
Xaiver Aguiar,32,1,5,24,34,96,35.416666666666664,0.35416666666666663
Alan Goldsher,32,1,4,26,34,96,35.416666666666664,0.35416666666666663
D Wash,32,1,4,26,34,96,35.416666666666664,0.35416666666666663
David Bearman,32,1,4,26,34,96,35.416666666666664,0.35416666666666663
Evan Brooks,32,1,4,26,34,96,35.416666666666664,0.35416666666666663
J.C. Allen,32,1,4,26,34,96,35.416666666666664,0.35416666666666663
Joel Mann,32,1,4,26,34,96,35.416666666666664,0.35416666666666663
Michael Rochman,32,1,4,26,34,96,35.416666666666664,0.35416666666666663
Raju Byfield,32,1,4,26,34,96,35.416666666666664,0.35416666666666663
Riley Haltom,32,1,4,26,34,96,35.416666666666664,0.35416666666666663
Ryan O'Halloran,32,1,4,26,34,96,35.416666666666664,0.35416666666666663
T.J. Besler,32,1,4,26,34,96,35.416666666666664,0.35416666666666663
Tori McElhaney,32,1,4,26,34,96,35.416666666666664,0.35416666666666663
John Sigler,32,1,3,28,34,96,35.416666666666664,0.35416666666666663
Ben Raven,126,4,19,95,133,378,35.18518518518518,0.35185185185185186
Sam Monson,127,4,19,96,134,381,35.17060367454068,0.3517060367454068
Henry McKenna,96,3,15,71,101,288,35.06944444444444,0.3506944444444444
Paul M Banks,96,3,13,75,101,288,35.06944444444444,0.3506944444444444
Tom Fornelli,159,5,22,123,167,477,35.0104821802935,0.350104821802935
Karen Guregian,63,2,9,48,66,189,34.92063492063492,0.3492063492063492
Michelle Kotts,63,2,8,50,66,189,34.92063492063492,0.3492063492063492
Hussam Patel,63,2,7,52,66,189,34.92063492063492,0.3492063492063492
Jordan Dajani,127,4,16,101,133,381,34.90813648293963,0.34908136482939633
Dan Schmelzer,64,2,9,49,67,192,34.895833333333336,0.34895833333333337
Tyler Roman,64,2,8,51,67,192,34.895833333333336,0.34895833333333337
Adam Caplan,30,1,3,25,31,90,34.44444444444444,0.34444444444444444
Michael McClymont,31,1,5,22,32,93,34.40860215053763,0.3440860215053763
Brandon Holtz,31,1,4,24,32,93,34.40860215053763,0.3440860215053763
Eric Samulski,31,1,4,24,32,93,34.40860215053763,0.3440860215053763
Pat Leonard,31,1,4,24,32,93,34.40860215053763,0.3440860215053763
Zack Patraw,63,2,9,47,65,189,34.39153439153439,0.34391534391534395
Cam Mellor,63,2,8,49,65,189,34.39153439153439,0.34391534391534395
Nick Suss,63,2,8,49,65,189,34.39153439153439,0.34391534391534395
Maurice Jones-Drew,95,3,13,72,98,285,34.3859649122807,0.343859649122807
Natalie Miller,128,4,16,100,132,384,34.375,0.34375
Derek Togerson,96,3,11,77,99,288,34.375,0.34375
Mike Tanier,64,2,9,48,66,192,34.375,0.34375
Justin Bales,64,2,6,54,66,192,34.375,0.34375
Brad Gagnon,32,1,5,23,33,96,34.375,0.34375
Luis Tirado Jr.,32,1,5,23,33,96,34.375,0.34375
Adam Beasley,32,1,4,25,33,96,34.375,0.34375
Andrew Golden,32,1,4,25,33,96,34.375,0.34375
Chris Scheim,32,1,4,25,33,96,34.375,0.34375
Jason Kanno,32,1,4,25,33,96,34.375,0.34375
John Harris,32,1,4,25,33,96,34.375,0.34375
Matthew Lewis,32,1,4,25,33,96,34.375,0.34375
Mike Kaye,32,1,4,25,33,96,34.375,0.34375
Nathan Jahnke,32,1,4,25,33,96,34.375,0.34375
Scott Gorman,32,1,4,25,33,96,34.375,0.34375
Tory Rich,32,1,4,25,33,96,34.375,0.34375
Ben Arthur,32,1,3,27,33,96,34.375,0.34375
Jeremiah Jensen,32,1,3,27,33,96,34.375,0.34375
Joe Broback,32,1,3,27,33,96,34.375,0.34375
Tim Weaver,32,1,3,27,33,96,34.375,0.34375
Rob Judin,95,3,13,71,97,285,34.03508771929825,0.34035087719298246
Rhett Lewis,127,4,15,99,129,381,33.85826771653543,0.3385826771653543
Tyler Calvaruso,64,2,8,49,65,192,33.854166666666664,0.33854166666666663
Pete Martuneac,64,2,7,51,65,192,33.854166666666664,0.33854166666666663
Alex Cawley,64,2,6,53,65,192,33.854166666666664,0.33854166666666663
Pat Mayo,95,3,11,74,96,285,33.68421052631579,0.3368421052631579
Aaron Wilson,64,2,8,48,64,192,33.333333333333336,0.33333333333333337
NFL Stock Exchange,64,2,7,50,64,192,33.333333333333336,0.33333333333333337
Harley Schultz,64,2,6,52,64,192,33.333333333333336,0.33333333333333337
Mike Randle,64,2,6,52,64,192,33.333333333333336,0.33333333333333337
Alex Barth,63,2,6,51,63,189,33.333333333333336,0.33333333333333337
Maurice Moton,32,1,5,22,32,96,33.333333333333336,0.33333333333333337
Roy Larking,32,1,5,22,32,96,33.333333333333336,0.33333333333333337
Arif Hasan,32,1,4,24,32,96,33.333333333333336,0.33333333333333337
Corey Parson,32,1,4,24,32,96,33.333333333333336,0.33333333333333337
Jimmy Williams,32,1,4,24,32,96,33.333333333333336,0.33333333333333337
John McKechnie,32,1,4,24,32,96,33.333333333333336,0.33333333333333337
Kyle Yates,32,1,4,24,32,96,33.333333333333336,0.33333333333333337
Nathan Nguyen,32,1,4,24,32,96,33.333333333333336,0.33333333333333337
Peter Bukowski,32,1,4,24,32,96,33.333333333333336,0.33333333333333337
Shan Reddy,32,1,4,24,32,96,33.333333333333336,0.33333333333333337
Carlos Nazario,31,1,4,23,31,93,33.333333333333336,0.33333333333333337
Tim Martens,31,1,4,23,31,93,33.333333333333336,0.33333333333333337
Austin Boley,32,1,3,26,32,96,33.333333333333336,0.33333333333333337
Bryan Perez,32,1,3,26,32,96,33.333333333333336,0.33333333333333337
Bryce Lazenby,32,1,3,26,32,96,33.333333333333336,0.33333333333333337
Craig Strachan,32,1,3,26,32,96,33.333333333333336,0.33333333333333337
Keith Libby,32,1,3,26,32,96,33.333333333333336,0.33333333333333337
Marc Ross,32,1,3,26,32,96,33.333333333333336,0.33333333333333337
Matt Maiocco,32,1,3,26,32,96,33.333333333333336,0.33333333333333337
Newt Westen,32,1,3,26,32,96,33.333333333333336,0.33333333333333337
Nick Simon,32,1,3,26,32,96,33.333333333333336,0.33333333333333337
Tej Seth,32,1,3,26,32,96,33.333333333333336,0.33333333333333337
Tom Rock,32,1,3,26,32,96,33.333333333333336,0.33333333333333337
Blake Murphy,31,1,3,25,31,93,33.333333333333336,0.33333333333333337
Cody Engander,31,1,3,25,31,93,33.333333333333336,0.33333333333333337
Zach Jones,31,1,3,25,31,93,33.333333333333336,0.33333333333333337
Curt Popejoy,96,3,9,76,94,288,32.638888888888886,0.32638888888888884
Ryan Dodson,95,3,8,77,93,285,32.63157894736842,0.32631578947368417
Colby Dant,64,2,8,46,62,192,32.291666666666664,0.32291666666666663
Zachary Mangum,32,1,5,21,31,96,32.291666666666664,0.32291666666666663
Newy Scruggs,32,1,4,23,31,96,32.291666666666664,0.32291666666666663
Salvatore Stefanile,32,1,4,23,31,96,32.291666666666664,0.32291666666666663
Walker Kelly,32,1,4,23,31,96,32.291666666666664,0.32291666666666663
Conor Dorney,32,1,3,25,31,96,32.291666666666664,0.32291666666666663
Dan Pizzuta,32,1,3,25,31,96,32.291666666666664,0.32291666666666663
Cameron Sheath,32,1,2,27,31,96,32.291666666666664,0.32291666666666663
Kyle Madson,32,1,2,27,31,96,32.291666666666664,0.32291666666666663
Nick Wojton,32,1,2,27,31,96,32.291666666666664,0.32291666666666663
Matt Urben,63,2,5,51,61,189,32.27513227513227,0.32275132275132273
Steve Gallo,31,1,4,22,30,93,32.25806451612903,0.3225806451612903
Jack McKessy,95,3,8,75,91,285,31.92982456140351,0.3192982456140351
Steve Palazzolo,64,2,7,47,61,192,31.770833333333332,0.3177083333333333
Jordan Heck,64,2,8,44,60,192,31.25,0.3125
Cory McCann Ezring,32,1,4,22,30,96,31.25,0.3125
Greg Newland,32,1,4,22,30,96,31.25,0.3125
Eduardo A. Encina,32,1,3,24,30,96,31.25,0.3125
Jordan Plocher,32,1,3,24,30,96,31.25,0.3125
Jeremy Wohlfart,32,1,2,26,30,96,31.25,0.3125
Kenneth Arthur,32,1,2,26,30,96,31.25,0.3125
Robert Gregson,32,1,2,26,30,96,31.25,0.3125
Terrance Biggs,31,1,5,19,29,93,31.182795698924732,0.3118279569892473
Brianna Dix,31,1,3,23,29,93,31.182795698924732,0.3118279569892473
Kyle Hill,31,1,3,23,29,93,31.182795698924732,0.3118279569892473
Jack Westphal,31,1,2,25,29,93,31.182795698924732,0.3118279569892473
6 Rings,31,1,1,27,29,93,31.182795698924732,0.3118279569892473
John Supowitz,30,1,2,24,28,90,31.11111111111111,0.3111111111111111
Jarrett Bailey,96,3,9,71,89,288,30.90277777777778,0.3090277777777778
PJ Moran,64,2,7,45,59,192,30.729166666666668,0.3072916666666667
Kristopher Knox,32,1,4,21,29,96,30.208333333333332,0.3020833333333333
Liam Wallace,32,1,4,21,29,96,30.208333333333332,0.3020833333333333
Cory Curtis,32,1,3,23,29,96,30.208333333333332,0.3020833333333333
Ian Fitz,32,1,3,23,29,96,30.208333333333332,0.3020833333333333
Mark Craig,32,1,3,23,29,96,30.208333333333332,0.3020833333333333
Mason Johnstone,32,1,3,23,29,96,30.208333333333332,0.3020833333333333
Drae Harris,32,1,2,25,29,96,30.208333333333332,0.3020833333333333
Scott Alan Salomon,32,1,2,25,29,96,30.208333333333332,0.3020833333333333
Tailgate,32,1,2,25,29,96,30.208333333333332,0.3020833333333333
Tim Kelly,32,1,2,25,29,96,30.208333333333332,0.3020833333333333
Blake Brockermeyer,32,1,1,27,29,96,30.208333333333332,0.3020833333333333
Jacob Schyvinck,32,1,1,27,29,96,30.208333333333332,0.3020833333333333
Gavin Riley,31,1,3,22,28,93,30.107526881720432,0.3010752688172043
Bryant McFadden,31,1,2,24,28,93,30.107526881720432,0.3010752688172043
John Ginder,31,1,1,26,28,93,30.107526881720432,0.3010752688172043
Adam Rank,64,2,4,48,56,192,29.166666666666668,0.2916666666666667
Brendan Dzwierzynski,32,1,2,24,28,96,29.166666666666668,0.2916666666666667
Mark Stolte,32,1,2,24,28,96,29.166666666666668,0.2916666666666667
Michael Natelli,32,1,2,24,28,96,29.166666666666668,0.2916666666666667
Daryan Martin,31,1,1,25,27,93,29.032258064516128,0.29032258064516125
Pete Rogers,32,1,2,23,27,96,28.125,0.28125
Crissy Froyd,32,1,1,25,27,96,28.125,0.28125
Matthew Durgin,32,1,1,25,27,96,28.125,0.28125
Laurie Fitzpatrick,32,1,1,24,26,96,27.083333333333332,0.2708333333333333
Scott Bair,31,1,0,24,24,93,25.806451612903224,0.25806451612903225
Mike Frazer,30,1,0,23,23,90,25.555555555555557,0.2555555555555556
Dalton Wasserman,32,1,1,19,21,96,21.875,0.21875
Daniel Kelly,32,1,1,14,16,96,16.666666666666668,0.16666666666666669
Keith Manlove,32,1,1,11,13,96,13.541666666666666,0.13541666666666666
