team_slug,team_name,player_name,player_position,weighted_mock_score,raw_mock_count,unique_mocks,unique_authors,avg_pick,median_pick,min_pick,max_pick,avg_author_weight,team_specific_weight_uses,weighted_team_total,raw_team_total,weighted_share_of_team_picks
arizona-cardinals,Arizona Cardinals,Francis Mauigoa,OT,22.585424070125562,55,55,53,3.290909090909091,3.0,3,10,0.4106440740022829,36,65.39433191186923,159,0.3453728084654727
arizona-cardinals,Arizona Cardinals,David Bailey,EDGE,14.966702203269367,36,36,36,3.0,3.0,3,3,0.41574172786859354,25,65.39433191186923,159,0.22886849312016405
arizona-cardinals,Arizona Cardinals,Ty Simpson,QB,8.136507936507936,18,18,18,25.333333333333332,27.0,3,31,0.45202821869488535,13,65.39433191186923,159,0.12442221976475518
arizona-cardinals,Arizona Cardinals,Arvell Reese,LB,5.4222932954276235,14,14,13,3.0,3.0,3,3,0.38730666395911595,10,65.39433191186923,159,0.082916869656764
arizona-cardinals,Arizona Cardinals,Rueben Bain,EDGE,3.8333333333333335,10,10,10,3.0,3.0,3,3,0.38333333333333336,8,65.39433191186923,159,0.05861873990087471
arizona-cardinals,Arizona Cardinals,Sonny Styles,LB,3.6524520255863537,8,8,7,3.0,3.0,3,3,0.4565565031982942,5,65.39433191186923,159,0.05585273094476594
arizona-cardinals,Arizona Cardinals,Spencer Fano,OT,2.0277777777777777,7,7,7,5.571428571428571,3.0,3,12,0.28968253968253965,7,65.39433191186923,159,0.031008463860607637
arizona-cardinals,Arizona Cardinals,Monroe Freeling,OT,1.0555555555555556,3,3,3,8.666666666666666,9.0,5,12,0.35185185185185186,2,65.39433191186923,159,0.016141392146617674
arizona-cardinals,Arizona Cardinals,Carnell Tate,WR,1.0,2,2,2,3.0,3.0,3,3,0.5,2,65.39433191186923,159,0.015291845191532533
arizona-cardinals,Arizona Cardinals,Kadyn Proctor,OT,1.0,2,2,2,12.0,12.0,12,12,0.5,1,65.39433191186923,159,0.015291845191532533
arizona-cardinals,Arizona Cardinals,Max Iheanachor,OT,0.7142857142857143,1,1,1,26.0,26.0,26,26,0.7142857142857143,1,65.39433191186923,159,0.010922746565380382
arizona-cardinals,Arizona Cardinals,Jeremiyah Love,RB,0.3333333333333333,1,1,1,3.0,3.0,3,3,0.3333333333333333,0,65.39433191186923,159,0.005097281730510844
arizona-cardinals,Arizona Cardinals,T.J. Parker,EDGE,0.3333333333333333,1,1,1,3.0,3.0,3,3,0.3333333333333333,0,65.39433191186923,159,0.005097281730510844
arizona-cardinals,Arizona Cardinals,Jermod McCoy,CB,0.3333333333333333,1,1,1,20.0,20.0,20,20,0.3333333333333333,0,65.39433191186923,159,0.005097281730510844
atlanta-falcons,Atlanta Falcons,Blake Miller,OT,0.41666666666666663,1,1,1,32.0,32.0,32,32,0.41666666666666663,1,0.41666666666666663,1,1.0
baltimore-ravens,Baltimore Ravens,Olaivavega Ioane,IOL,21.563980463980464,62,62,60,14.080645161290322,14.0,14,19,0.34780613651581394,47,46.896113146113144,133,0.45982447195131215
baltimore-ravens,Baltimore Ravens,Spencer Fano,OT,6.2555555555555555,17,17,17,13.882352941176471,14.0,12,14,0.36797385620915035,8,46.896113146113144,133,0.13339177035984334
baltimore-ravens,Baltimore Ravens,Jordyn Tyson,WR,5.26984126984127,17,16,16,14.0,14.0,14,14,0.3099906629318394,13,46.896113146113144,133,0.11237266622549605
baltimore-ravens,Baltimore Ravens,Kenyon Sadiq,TE,3.3531746031746033,9,9,9,14.0,14.0,14,14,0.37257495590828926,6,46.896113146113144,133,0.07150218596426518
baltimore-ravens,Baltimore Ravens,Makai Lemon,WR,2.5555555555555554,7,7,7,14.0,14.0,14,14,0.36507936507936506,5,46.896113146113144,133,0.054493973681641154
baltimore-ravens,Baltimore Ravens,Rueben Bain,EDGE,1.68005698005698,5,5,5,11.6,14.0,2,14,0.336011396011396,4,46.896113146113144,133,0.03582507946495406
baltimore-ravens,Baltimore Ravens,Francis Mauigoa,OT,1.4666666666666666,2,2,2,14.0,14.0,14,14,0.7333333333333333,2,46.896113146113144,133,0.03127480228685492
baltimore-ravens,Baltimore Ravens,Carnell Tate,WR,1.0356125356125356,4,4,4,14.0,14.0,14,14,0.2589031339031339,4,46.896113146113144,133,0.02208312088436629
baltimore-ravens,Baltimore Ravens,David Bailey,EDGE,1.0,1,1,1,14.0,14.0,14,14,1.0,1,46.896113146113144,133,0.02132372883194654
baltimore-ravens,Baltimore Ravens,Jermod McCoy,CB,1.0,3,3,3,14.0,14.0,14,14,0.3333333333333333,1,46.896113146113144,133,0.02132372883194654
baltimore-ravens,Baltimore Ravens,Peter Woods,DL,0.6467236467236468,2,2,2,14.0,14.0,14,14,0.3233618233618234,2,46.896113146113144,133,0.013790559671942636
baltimore-ravens,Baltimore Ravens,Jeremiyah Love,RB,0.5356125356125356,2,2,2,14.0,14.0,14,14,0.2678062678062678,2,46.896113146113144,133,0.011421256468393018
baltimore-ravens,Baltimore Ravens,Max Iheanachor,OT,0.3333333333333333,1,1,1,18.0,18.0,18,18,0.3333333333333333,0,46.896113146113144,133,0.0071079096106488465
baltimore-ravens,Baltimore Ravens,Mansoor Delane,CB,0.2,1,1,1,8.0,8.0,8,8,0.2,1,46.896113146113144,133,0.004264745766389308
buffalo-bills,Buffalo Bills,Cashius Howell,EDGE,4.454431960049938,15,15,15,26.133333333333333,26.0,26,28,0.2969621306699958,11,33.89074594257178,129,0.13143505214072357
buffalo-bills,Buffalo Bills,Kevin Concepcion,WR,3.6516541822721598,13,13,13,25.923076923076923,26.0,25,26,0.2808964755593969,11,33.89074594257178,129,0.10774782557043522
buffalo-bills,Buffalo Bills,T.J. Parker,EDGE,3.4944444444444445,11,11,11,26.0,26.0,26,26,0.31767676767676767,7,33.89074594257178,129,0.10310910389419627
buffalo-bills,Buffalo Bills,C.J. Allen,LB,3.4111111111111114,15,15,15,26.0,26.0,26,26,0.22740740740740742,13,33.89074594257178,129,0.1006502222433013
buffalo-bills,Buffalo Bills,Denzel Boston,WR,2.0555555555555554,7,7,7,26.0,26.0,26,26,0.2936507936507936,4,33.89074594257178,129,0.06065241405540956
buffalo-bills,Buffalo Bills,Emmanuel McNeil-Warren,S,2.0421972534332085,9,9,8,26.0,26.0,26,26,0.22691080593702317,6,33.89074594257178,129,0.06025825624770056
buffalo-bills,Buffalo Bills,Kayden McDonald,DL,1.617626404494382,7,7,7,26.0,26.0,26,26,0.23108948635634027,4,33.89074594257178,129,0.047730622608173526
buffalo-bills,Buffalo Bills,Keldric Faulk,EDGE,1.5655430711610487,6,6,6,26.0,26.0,26,26,0.26092384519350814,5,33.89074594257178,129,0.04619382157636417
buffalo-bills,Buffalo Bills,Akheem Mesidor,EDGE,1.5,5,5,5,26.0,26.0,26,26,0.3,3,33.89074594257178,129,0.044259869716109686
buffalo-bills,Buffalo Bills,Jordyn Tyson,WR,1.25,4,4,4,25.0,26.0,22,26,0.3125,2,33.89074594257178,129,0.03688322476342474
buffalo-bills,Buffalo Bills,Omar Cooper Jr.,WR,1.0659722222222223,4,4,4,26.25,26.0,26,27,0.2664930555555556,2,33.89074594257178,129,0.03145319445103165
buffalo-bills,Buffalo Bills,Zion Young,EDGE,1.0,3,3,3,26.0,26.0,26,26,0.3333333333333333,0,33.89074594257178,129,0.02950657981073979
buffalo-bills,Buffalo Bills,Peter Woods,DL,0.7777777777777779,5,5,5,26.0,26.0,26,26,0.15555555555555559,5,33.89074594257178,129,0.02294956207501984
buffalo-bills,Buffalo Bills,Avieon Terrell,CB,0.7777777777777777,4,4,4,26.0,26.0,26,26,0.19444444444444442,2,33.89074594257178,129,0.022949562075019834
buffalo-bills,Buffalo Bills,Christen Miller,DL,0.7777777777777777,3,3,3,26.0,26.0,26,26,0.25925925925925924,2,33.89074594257178,129,0.022949562075019834
buffalo-bills,Buffalo Bills,Malachi Lawrence,EDGE,0.6666666666666666,2,2,2,26.0,26.0,26,26,0.3333333333333333,0,33.89074594257178,129,0.01967105320715986
buffalo-bills,Buffalo Bills,Dillon Thieneman,S,0.5877652933832709,3,3,3,26.0,26.0,26,26,0.1959217644610903,3,33.89074594257178,129,0.01734294353919637
buffalo-bills,Buffalo Bills,Colton Hood,CB,0.5,2,2,2,26.0,26.0,26,26,0.25,1,33.89074594257178,129,0.014753289905369895
buffalo-bills,Buffalo Bills,Blake Miller,OT,0.33333333333333337,1,1,1,26.0,26.0,26,26,0.33333333333333337,1,33.89074594257178,129,0.009835526603579932
buffalo-bills,Buffalo Bills,Caleb Lomu,OT,0.33333333333333337,1,1,1,26.0,26.0,26,26,0.33333333333333337,1,33.89074594257178,129,0.009835526603579932
buffalo-bills,Buffalo Bills,Olaivavega Ioane,IOL,0.33333333333333337,1,1,1,26.0,26.0,26,26,0.33333333333333337,1,33.89074594257178,129,0.009835526603579932
buffalo-bills,Buffalo Bills,Chris Bell,WR,0.3333333333333333,1,1,1,26.0,26.0,26,26,0.3333333333333333,0,33.89074594257178,129,0.00983552660357993
buffalo-bills,Buffalo Bills,Emmanuel Pregnon,IOL,0.3333333333333333,1,1,1,26.0,26.0,26,26,0.3333333333333333,0,33.89074594257178,129,0.00983552660357993
buffalo-bills,Buffalo Bills,Jake Golday,LB,0.3333333333333333,1,1,1,26.0,26.0,26,26,0.3333333333333333,0,33.89074594257178,129,0.00983552660357993
buffalo-bills,Buffalo Bills,Kadyn Proctor,OT,0.25,1,1,1,26.0,26.0,26,26,0.25,1,33.89074594257178,129,0.007376644952684947
buffalo-bills,Buffalo Bills,Lee Hunter,DL,0.2222222222222222,1,1,1,26.0,26.0,26,26,0.2222222222222222,1,33.89074594257178,129,0.006557017735719953
buffalo-bills,Buffalo Bills,R Mason Thomas,EDGE,0.2222222222222222,1,1,1,26.0,26.0,26,26,0.2222222222222222,1,33.89074594257178,129,0.006557017735719953
buffalo-bills,Buffalo Bills,Jermod McCoy,CB,0.0,1,1,1,13.0,13.0,13,13,0.0,1,33.89074594257178,129,0.0
buffalo-bills,Buffalo Bills,Chase Bisontis,IOL,0.0,1,1,1,26.0,26.0,26,26,0.0,1,33.89074594257178,129,0.0
carolina-panthers,Carolina Panthers,Kenyon Sadiq,TE,18.53858768406961,45,45,42,18.822222222222223,19.0,13,19,0.41196861520154693,32,59.56752844712182,134,0.31121968910505227
carolina-panthers,Carolina Panthers,Makai Lemon,WR,3.9333333333333336,6,6,6,19.0,19.0,19,19,0.6555555555555556,5,59.56752844712182,134,0.06603150132080701
carolina-panthers,Carolina Panthers,Kadyn Proctor,OT,3.746452476572958,9,8,8,19.0,19.0,19,19,0.41627249739699534,5,59.56752844712182,134,0.06289420720046643
carolina-panthers,Carolina Panthers,Spencer Fano,OT,3.545138888888889,7,7,7,19.0,19.0,19,19,0.5064484126984127,6,59.56752844712182,134,0.05951462115867227
carolina-panthers,Carolina Panthers,Avieon Terrell,CB,3.3575635876840693,8,8,8,20.0,19.0,19,23,0.41969544846050866,5,59.56752844712182,134,0.05636566893428494
carolina-panthers,Carolina Panthers,Emmanuel McNeil-Warren,S,3.1333333333333333,6,6,6,19.0,19.0,19,19,0.5222222222222223,4,59.56752844712182,134,0.05260136545894795
carolina-panthers,Carolina Panthers,Peter Woods,DL,2.5833333333333335,6,6,6,19.0,19.0,19,19,0.4305555555555556,4,59.56752844712182,134,0.04336814705391986
carolina-panthers,Carolina Panthers,Dillon Thieneman,S,2.1666666666666665,4,4,4,18.5,19.0,17,19,0.5416666666666666,2,59.56752844712182,134,0.03637328462586826
carolina-panthers,Carolina Panthers,Kayden McDonald,DL,2.1333333333333333,4,4,4,19.0,19.0,19,19,0.5333333333333333,3,59.56752844712182,134,0.035813695631624134
carolina-panthers,Carolina Panthers,Jermod McCoy,CB,1.8888888888888888,4,4,4,19.0,19.0,19,19,0.4722222222222222,3,59.56752844712182,134,0.031710043007167205
carolina-panthers,Carolina Panthers,Kevin Concepcion,WR,1.8,4,4,4,20.0,19.0,19,23,0.45,3,59.56752844712182,134,0.030217805689182867
carolina-panthers,Carolina Panthers,Jordyn Tyson,WR,1.5833333333333333,4,4,4,19.0,19.0,19,19,0.3958333333333333,2,59.56752844712182,134,0.02658047722659604
carolina-panthers,Carolina Panthers,Monroe Freeling,OT,1.3555555555555556,3,3,3,19.0,19.0,19,19,0.4518518518518519,3,59.56752844712182,134,0.02275661909926117
carolina-panthers,Carolina Panthers,Blake Miller,OT,1.0,3,3,3,19.0,19.0,19,19,0.3333333333333333,1,59.56752844712182,134,0.016787669827323815
carolina-panthers,Carolina Panthers,Denzel Boston,WR,1.0,1,1,1,19.0,19.0,19,19,1.0,1,59.56752844712182,134,0.016787669827323815
carolina-panthers,Carolina Panthers,Keldric Faulk,EDGE,1.0,2,2,2,22.0,22.0,19,25,0.5,2,59.56752844712182,134,0.016787669827323815
carolina-panthers,Carolina Panthers,Caleb Banks,DL,0.8353413654618473,2,2,2,19.0,19.0,19,19,0.41767068273092367,1,59.56752844712182,134,0.014023435036479329
carolina-panthers,Carolina Panthers,Francis Mauigoa,OT,0.8333333333333335,2,2,2,19.0,19.0,19,19,0.41666666666666674,2,59.56752844712182,134,0.013989724856103182
carolina-panthers,Carolina Panthers,Omar Cooper Jr.,WR,0.8333333333333335,3,3,3,19.0,19.0,19,19,0.27777777777777785,3,59.56752844712182,134,0.013989724856103182
carolina-panthers,Carolina Panthers,Akheem Mesidor,EDGE,0.8,2,2,2,16.5,16.5,14,19,0.4,2,59.56752844712182,134,0.013430135861859052
carolina-panthers,Carolina Panthers,Caleb Lomu,OT,0.6666666666666667,1,1,1,19.0,19.0,19,19,0.6666666666666667,1,59.56752844712182,134,0.011191779884882545
carolina-panthers,Carolina Panthers,Olaivavega Ioane,IOL,0.6666666666666667,2,2,2,19.0,19.0,19,19,0.33333333333333337,1,59.56752844712182,134,0.011191779884882545
carolina-panthers,Carolina Panthers,Mansoor Delane,CB,0.5,1,1,1,19.0,19.0,19,19,0.5,1,59.56752844712182,134,0.008393834913661908
carolina-panthers,Carolina Panthers,Jeremiyah Love,RB,0.3333333333333333,1,1,1,10.0,10.0,10,10,0.3333333333333333,0,59.56752844712182,134,0.0055958899424412714
carolina-panthers,Carolina Panthers,C.J. Allen,LB,0.3333333333333333,1,1,1,19.0,19.0,19,19,0.3333333333333333,0,59.56752844712182,134,0.0055958899424412714
carolina-panthers,Carolina Panthers,Jacob Rodriguez,LB,0.3333333333333333,1,1,1,19.0,19.0,19,19,0.3333333333333333,0,59.56752844712182,134,0.0055958899424412714
carolina-panthers,Carolina Panthers,Lee Hunter,DL,0.3333333333333333,1,1,1,19.0,19.0,19,19,0.3333333333333333,0,59.56752844712182,134,0.0055958899424412714
carolina-panthers,Carolina Panthers,Max Iheanachor,OT,0.3333333333333333,1,1,1,19.0,19.0,19,19,0.3333333333333333,0,59.56752844712182,134,0.0055958899424412714
chicago-bears,Chicago Bears,Emmanuel McNeil-Warren,S,13.7508487654321,32,32,31,25.0,25.0,25,25,0.4297140239197531,19,60.73595679012346,134,0.22640375639341515
chicago-bears,Chicago Bears,Peter Woods,DL,8.770910493827161,18,18,18,25.0,25.0,25,25,0.48727280521262006,14,60.73595679012346,134,0.14441050997410873
chicago-bears,Chicago Bears,Kayden McDonald,DL,8.40216049382716,19,19,19,25.0,25.0,25,25,0.44221897335932425,15,60.73595679012346,134,0.1383391476462831
chicago-bears,Chicago Bears,T.J. Parker,EDGE,6.254938271604939,12,12,12,25.0,25.0,25,25,0.5212448559670783,9,60.73595679012346,134,0.10298575345111023
chicago-bears,Chicago Bears,Zion Young,EDGE,4.571604938271605,10,10,10,25.0,25.0,25,25,0.4571604938271605,7,60.73595679012346,134,0.07527015593199668
chicago-bears,Chicago Bears,Caleb Banks,DL,4.188888888888889,10,10,10,25.0,25.0,25,25,0.4188888888888889,7,60.73595679012346,134,0.06896884663172151
chicago-bears,Chicago Bears,Dillon Thieneman,S,3.219444444444444,6,6,6,24.333333333333332,25.0,19,26,0.536574074074074,4,60.73595679012346,134,0.05300722363804059
chicago-bears,Chicago Bears,Malachi Lawrence,EDGE,1.7666666666666666,3,3,3,27.0,25.0,25,31,0.5888888888888889,3,60.73595679012346,134,0.029087656802237977
chicago-bears,Chicago Bears,Akheem Mesidor,EDGE,1.5555555555555556,4,4,4,25.0,25.0,25,25,0.3888888888888889,2,60.73595679012346,134,0.025611773284989415
chicago-bears,Chicago Bears,Cashius Howell,EDGE,1.5,4,4,4,26.0,25.0,25,29,0.375,2,60.73595679012346,134,0.024697067096239794
chicago-bears,Chicago Bears,Keldric Faulk,EDGE,1.222222222222222,3,3,3,25.0,25.0,25,25,0.4074074074074074,1,60.73595679012346,134,0.020123536152491683
chicago-bears,Chicago Bears,C.J. Allen,LB,0.9104938271604939,2,2,2,25.0,25.0,25,25,0.45524691358024694,1,60.73595679012346,134,0.014991018093396584
chicago-bears,Chicago Bears,Chris Johnson,CB,0.6,1,1,1,25.0,25.0,25,25,0.6,1,60.73595679012346,134,0.009878826838495917
chicago-bears,Chicago Bears,Monroe Freeling,OT,0.5555555555555556,1,1,1,25.0,25.0,25,25,0.5555555555555556,1,60.73595679012346,134,0.00914706188749622
chicago-bears,Chicago Bears,Caleb Lomu,OT,0.5,1,1,1,25.0,25.0,25,25,0.5,1,60.73595679012346,134,0.008232355698746597
chicago-bears,Chicago Bears,Jordyn Tyson,WR,0.5,1,1,1,25.0,25.0,25,25,0.5,1,60.73595679012346,134,0.008232355698746597
chicago-bears,Chicago Bears,Denzel Boston,WR,0.4666666666666666,1,1,1,25.0,25.0,25,25,0.4666666666666666,1,60.73595679012346,134,0.007683531985496824
chicago-bears,Chicago Bears,Omar Cooper Jr.,WR,0.33333333333333337,1,1,1,25.0,25.0,25,25,0.33333333333333337,1,60.73595679012346,134,0.005488237132497732
chicago-bears,Chicago Bears,A.J. Haulcy,S,0.3333333333333333,1,1,1,25.0,25.0,25,25,0.3333333333333333,0,60.73595679012346,134,0.0054882371324977315
chicago-bears,Chicago Bears,Josiah Trotter,LB,0.3333333333333333,1,1,1,25.0,25.0,25,25,0.3333333333333333,0,60.73595679012346,134,0.0054882371324977315
chicago-bears,Chicago Bears,Kadyn Proctor,OT,0.3333333333333333,1,1,1,25.0,25.0,25,25,0.3333333333333333,0,60.73595679012346,134,0.0054882371324977315
chicago-bears,Chicago Bears,Max Iheanachor,OT,0.3333333333333333,1,1,1,25.0,25.0,25,25,0.3333333333333333,0,60.73595679012346,134,0.0054882371324977315
chicago-bears,Chicago Bears,Spencer Fano,OT,0.3333333333333333,1,1,1,25.0,25.0,25,25,0.3333333333333333,0,60.73595679012346,134,0.0054882371324977315
cincinnati-bengals,Cincinnati Bengals,Caleb Downs,S,18.153039832285113,48,47,47,10.0,10.0,7,13,0.3781883298392732,30,53.53542976939203,138,0.3390846008051252
cincinnati-bengals,Cincinnati Bengals,Mansoor Delane,CB,8.361635220125786,26,26,25,10.0,10.0,10,10,0.32160135462022255,19,53.53542976939203,138,0.1561888128318792
cincinnati-bengals,Cincinnati Bengals,Rueben Bain,EDGE,6.183333333333334,15,15,15,10.0,10.0,10,10,0.4122222222222222,11,53.53542976939203,138,0.1154998355288921
cincinnati-bengals,Cincinnati Bengals,Sonny Styles,LB,5.883857442348008,13,13,12,9.692307692307692,10.0,6,10,0.45260441864215445,12,53.53542976939203,138,0.10990585987061606
cincinnati-bengals,Cincinnati Bengals,Jermod McCoy,CB,3.250524109014675,8,8,7,10.0,10.0,10,10,0.4063155136268344,7,53.53542976939203,138,0.06071725066963237
cincinnati-bengals,Cincinnati Bengals,Dillon Thieneman,S,2.177777777777778,5,5,5,10.0,10.0,10,10,0.4355555555555556,4,53.53542976939203,138,0.04067918735608779
cincinnati-bengals,Cincinnati Bengals,Olaivavega Ioane,IOL,1.8055555555555558,3,3,3,10.0,10.0,10,10,0.601851851851852,3,53.53542976939203,138,0.03372636706818503
cincinnati-bengals,Cincinnati Bengals,Francis Mauigoa,OT,1.4974842767295597,3,3,3,10.0,10.0,10,10,0.49916142557651993,3,53.53542976939203,138,0.027971836280760016
cincinnati-bengals,Cincinnati Bengals,Peter Woods,DL,1.2222222222222223,3,3,3,10.0,10.0,10,10,0.40740740740740744,3,53.53542976939203,138,0.02283015616923294
cincinnati-bengals,Cincinnati Bengals,David Bailey,EDGE,1.0,3,3,3,9.333333333333334,10.0,8,10,0.3333333333333333,1,53.53542976939203,138,0.01867921868391786
cincinnati-bengals,Cincinnati Bengals,Caleb Lomu,OT,0.6666666666666667,2,2,2,10.0,10.0,10,10,0.33333333333333337,1,53.53542976939203,138,0.01245281245594524
cincinnati-bengals,Cincinnati Bengals,Monroe Freeling,OT,0.6666666666666667,2,2,2,10.0,10.0,10,10,0.33333333333333337,1,53.53542976939203,138,0.01245281245594524
cincinnati-bengals,Cincinnati Bengals,Carnell Tate,WR,0.6,1,1,1,10.0,10.0,10,10,0.6,1,53.53542976939203,138,0.011207531210350716
cincinnati-bengals,Cincinnati Bengals,Spencer Fano,OT,0.5333333333333333,2,2,2,10.0,10.0,10,10,0.26666666666666666,1,53.53542976939203,138,0.009962249964756191
cincinnati-bengals,Cincinnati Bengals,Colton Hood,CB,0.5333333333333333,1,1,1,18.0,18.0,18,18,0.5333333333333333,1,53.53542976939203,138,0.009962249964756191
cincinnati-bengals,Cincinnati Bengals,Arvell Reese,LB,0.3333333333333333,1,1,1,10.0,10.0,10,10,0.3333333333333333,0,53.53542976939203,138,0.006226406227972619
cincinnati-bengals,Cincinnati Bengals,Keldric Faulk,EDGE,0.3333333333333333,1,1,1,10.0,10.0,10,10,0.3333333333333333,0,53.53542976939203,138,0.006226406227972619
cincinnati-bengals,Cincinnati Bengals,Avieon Terrell,CB,0.3333333333333333,1,1,1,19.0,19.0,19,19,0.3333333333333333,0,53.53542976939203,138,0.006226406227972619
cleveland-browns,Cleveland Browns,Monroe Freeling,OT,16.32704538002713,51,51,45,7.215686274509804,6.0,6,24,0.32013814470641433,36,88.39367409338759,273,0.18470830121596335
cleveland-browns,Cleveland Browns,Carnell Tate,WR,14.244791666666668,41,41,41,6.073170731707317,6.0,6,9,0.34743394308943093,25,88.39367409338759,273,0.16115170924581207
cleveland-browns,Cleveland Browns,Caleb Lomu,OT,7.739583333333334,24,24,24,22.166666666666668,24.0,6,24,0.3224826388888889,15,88.39367409338759,273,0.08755811332331874
cleveland-browns,Cleveland Browns,Omar Cooper Jr.,WR,7.174619175627241,21,21,21,24.0,24.0,24,24,0.3416485321727257,11,88.39367409338759,273,0.08116665869151769
cleveland-browns,Cleveland Browns,Denzel Boston,WR,6.966083611807297,24,24,21,24.0,24.0,24,24,0.290253483825304,18,88.39367409338759,273,0.07880749027863301
cleveland-browns,Cleveland Browns,Francis Mauigoa,OT,5.666666666666667,18,18,18,6.222222222222222,6.0,6,10,0.3148148148148148,10,88.39367409338759,273,0.06410715161222798
cleveland-browns,Cleveland Browns,Kevin Concepcion,WR,5.135416666666667,14,14,13,24.0,24.0,24,24,0.3668154761904762,7,88.39367409338759,273,0.05809710614858161
cleveland-browns,Cleveland Browns,Jordyn Tyson,WR,3.2222222222222223,12,12,12,19.333333333333332,23.0,8,24,0.26851851851851855,9,88.39367409338759,273,0.03645308621087474
cleveland-browns,Cleveland Browns,Kadyn Proctor,OT,2.9270833333333335,7,7,7,18.857142857142858,24.0,6,24,0.4181547619047619,4,88.39367409338759,273,0.03311417206440453
cleveland-browns,Cleveland Browns,Spencer Fano,OT,2.6770833333333335,9,9,9,10.666666666666666,6.0,6,24,0.2974537037037037,4,88.39367409338759,273,0.030285915375629763
cleveland-browns,Cleveland Browns,Blake Miller,OT,2.166666666666667,7,7,7,21.428571428571427,24.0,6,24,0.3095238095238096,6,88.39367409338759,273,0.02451155796938129
cleveland-browns,Cleveland Browns,Makai Lemon,WR,2.0,7,7,7,18.857142857142858,24.0,6,24,0.2857142857142857,4,88.39367409338759,273,0.02262605351019811
cleveland-browns,Cleveland Browns,Ty Simpson,QB,2.0,6,6,6,25.333333333333332,24.0,24,32,0.3333333333333333,5,88.39367409338759,273,0.02262605351019811
cleveland-browns,Cleveland Browns,T.J. Parker,EDGE,1.4120370370370372,4,4,4,24.0,24.0,24,24,0.3530092592592593,1,88.39367409338759,273,0.0159744127791908
cleveland-browns,Cleveland Browns,Caleb Downs,S,1.1354166666666667,4,4,4,6.0,6.0,6,6,0.2838541666666667,2,88.39367409338759,273,0.012844999128185387
cleveland-browns,Cleveland Browns,Max Iheanachor,OT,1.0364583333333333,3,3,3,24.0,24.0,24,24,0.3454861111111111,1,88.39367409338759,273,0.011725480855545374
cleveland-browns,Cleveland Browns,Rueben Bain,EDGE,1.0,3,3,3,6.0,6.0,6,6,0.3333333333333333,2,88.39367409338759,273,0.011313026755099055
cleveland-browns,Cleveland Browns,Avieon Terrell,CB,0.9166666666666666,3,2,2,24.0,24.0,24,24,0.3055555555555555,1,88.39367409338759,273,0.010370274525507466
cleveland-browns,Cleveland Browns,Sonny Styles,LB,0.8125,2,2,2,6.0,6.0,6,6,0.40625,0,88.39367409338759,273,0.009191834238517983
cleveland-browns,Cleveland Browns,Colton Hood,CB,0.6666666666666667,2,2,2,24.0,24.0,24,24,0.33333333333333337,1,88.39367409338759,273,0.007542017836732705
cleveland-browns,Cleveland Browns,David Bailey,EDGE,0.6666666666666666,2,2,2,6.0,6.0,6,6,0.3333333333333333,0,88.39367409338759,273,0.007542017836732703
cleveland-browns,Cleveland Browns,Brandon Cisse,CB,0.33333333333333337,1,1,1,24.0,24.0,24,24,0.33333333333333337,1,88.39367409338759,273,0.0037710089183663523
cleveland-browns,Cleveland Browns,Chris Brazzell,WR,0.33333333333333337,1,1,1,24.0,24.0,24,24,0.33333333333333337,1,88.39367409338759,273,0.0037710089183663523
cleveland-browns,Cleveland Browns,Kenyon Sadiq,TE,0.33333333333333337,1,1,1,24.0,24.0,24,24,0.33333333333333337,1,88.39367409338759,273,0.0037710089183663523
cleveland-browns,Cleveland Browns,Jeremiyah Love,RB,0.3333333333333333,1,1,1,6.0,6.0,6,6,0.3333333333333333,0,88.39367409338759,273,0.0037710089183663515
cleveland-browns,Cleveland Browns,Olaivavega Ioane,IOL,0.3333333333333333,2,2,2,15.0,15.0,6,24,0.16666666666666666,1,88.39367409338759,273,0.0037710089183663515
cleveland-browns,Cleveland Browns,Emmanuel Pregnon,IOL,0.3333333333333333,1,1,1,24.0,24.0,24,24,0.3333333333333333,0,88.39367409338759,273,0.0037710089183663515
cleveland-browns,Cleveland Browns,Peter Woods,DL,0.3333333333333333,1,1,1,24.0,24.0,24,24,0.3333333333333333,0,88.39367409338759,273,0.0037710089183663515
cleveland-browns,Cleveland Browns,Arvell Reese,LB,0.16666666666666669,1,1,1,6.0,6.0,6,6,0.16666666666666669,1,88.39367409338759,273,0.0018855044591831762
dallas-cowboys,Dallas Cowboys,Jermod McCoy,CB,16.00859538784067,48,47,46,13.1875,12.0,12,21,0.3335124039133473,33,87.78238993710693,265,0.18236682094563933
dallas-cowboys,Dallas Cowboys,C.J. Allen,LB,7.99748427672956,24,24,23,19.75,20.0,12,22,0.33322851153039834,21,87.78238993710693,265,0.09110579334259962
dallas-cowboys,Dallas Cowboys,Akheem Mesidor,EDGE,7.238888888888889,22,21,21,18.545454545454547,20.0,12,20,0.329040404040404,13,87.78238993710693,265,0.08246402147486875
dallas-cowboys,Dallas Cowboys,Keldric Faulk,EDGE,6.59748427672956,20,20,19,17.2,20.0,12,20,0.32987421383647797,16,87.78238993710693,265,0.07515726424692278
dallas-cowboys,Dallas Cowboys,Avieon Terrell,CB,6.3500000000000005,19,19,19,19.210526315789473,20.0,12,21,0.3342105263157895,14,87.78238993710693,265,0.0723379712553914
dallas-cowboys,Dallas Cowboys,Dillon Thieneman,S,6.259853249475891,18,18,18,12.88888888888889,12.0,12,20,0.3477696249708828,8,87.78238993710693,265,0.07131103691709535
dallas-cowboys,Dallas Cowboys,Mansoor Delane,CB,4.8752620545073375,15,15,14,12.0,12.0,12,12,0.32501747030048916,10,87.78238993710693,265,0.055538041946685386
dallas-cowboys,Dallas Cowboys,Sonny Styles,LB,4.222222222222222,12,12,12,13.0,12.0,8,20,0.35185185185185186,10,87.78238993710693,265,0.048098738542517464
dallas-cowboys,Dallas Cowboys,David Bailey,EDGE,3.5308176100628934,10,10,9,6.9,6.0,3,12,0.35308176100628935,7,87.78238993710693,265,0.04022239098972588
dallas-cowboys,Dallas Cowboys,T.J. Parker,EDGE,2.6944444444444446,8,8,8,18.0,20.0,12,20,0.3368055555555556,6,87.78238993710693,265,0.030694589727790753
dallas-cowboys,Dallas Cowboys,Emmanuel McNeil-Warren,S,2.2777777777777777,7,7,7,20.0,20.0,20,20,0.3253968253968254,4,87.78238993710693,265,0.025948003687410737
dallas-cowboys,Dallas Cowboys,Colton Hood,CB,2.066666666666667,6,6,6,21.5,20.0,20,29,0.3444444444444445,6,87.78238993710693,265,0.023543066760284868
dallas-cowboys,Dallas Cowboys,Caleb Downs,S,1.8333333333333335,6,6,6,12.333333333333334,12.0,12,14,0.3055555555555556,5,87.78238993710693,265,0.020884978577672058
dallas-cowboys,Dallas Cowboys,Rueben Bain,EDGE,1.7666666666666666,6,6,6,11.0,12.0,6,12,0.29444444444444445,4,87.78238993710693,265,0.020125524811211253
dallas-cowboys,Dallas Cowboys,Kadyn Proctor,OT,1.3333333333333333,2,2,2,20.0,20.0,20,20,0.6666666666666666,1,87.78238993710693,265,0.015189075329216041
dallas-cowboys,Dallas Cowboys,Jeremiyah Love,RB,1.288888888888889,4,4,4,5.5,3.5,3,12,0.32222222222222224,3,87.78238993710693,265,0.014682772818242174
dallas-cowboys,Dallas Cowboys,Peter Woods,DL,1.232075471698113,4,4,4,20.0,20.0,20,20,0.30801886792452826,2,87.78238993710693,265,0.01403556536317652
dallas-cowboys,Dallas Cowboys,Jacob Rodriguez,LB,1.2222222222222223,4,4,4,20.0,20.0,20,20,0.3055555555555556,3,87.78238993710693,265,0.013923319051781373
dallas-cowboys,Dallas Cowboys,Monroe Freeling,OT,1.0,3,3,3,12.0,12.0,12,12,0.3333333333333333,2,87.78238993710693,265,0.011391806496912031
dallas-cowboys,Dallas Cowboys,R Mason Thomas,EDGE,1.0,3,3,3,17.333333333333332,20.0,12,20,0.3333333333333333,2,87.78238993710693,265,0.011391806496912031
dallas-cowboys,Dallas Cowboys,Cashius Howell,EDGE,0.8333333333333334,2,2,2,20.0,20.0,20,20,0.4166666666666667,2,87.78238993710693,265,0.009493172080760027
dallas-cowboys,Dallas Cowboys,Francis Mauigoa,OT,0.6666666666666667,2,2,2,12.0,12.0,12,12,0.33333333333333337,1,87.78238993710693,265,0.0075945376646080216
dallas-cowboys,Dallas Cowboys,Caleb Banks,DL,0.5555555555555556,2,2,2,20.0,20.0,20,20,0.2777777777777778,2,87.78238993710693,265,0.006328781387173351
dallas-cowboys,Dallas Cowboys,Jordyn Tyson,WR,0.33333333333333337,1,1,1,12.0,12.0,12,12,0.33333333333333337,1,87.78238993710693,265,0.0037972688323040108
dallas-cowboys,Dallas Cowboys,Chris Johnson,CB,0.33333333333333337,1,1,1,20.0,20.0,20,20,0.33333333333333337,1,87.78238993710693,265,0.0037972688323040108
dallas-cowboys,Dallas Cowboys,Kayden McDonald,DL,0.33333333333333337,1,1,1,20.0,20.0,20,20,0.33333333333333337,1,87.78238993710693,265,0.0037972688323040108
dallas-cowboys,Dallas Cowboys,Lee Hunter,DL,0.33333333333333337,1,1,1,20.0,20.0,20,20,0.33333333333333337,1,87.78238993710693,265,0.0037972688323040108
dallas-cowboys,Dallas Cowboys,Omar Cooper Jr.,WR,0.33333333333333337,1,1,1,20.0,20.0,20,20,0.33333333333333337,1,87.78238993710693,265,0.0037972688323040108
dallas-cowboys,Dallas Cowboys,Ty Simpson,QB,0.33333333333333337,1,1,1,20.0,20.0,20,20,0.33333333333333337,1,87.78238993710693,265,0.0037972688323040108
dallas-cowboys,Dallas Cowboys,Brandon Cisse,CB,0.3333333333333333,1,1,1,20.0,20.0,20,20,0.3333333333333333,0,87.78238993710693,265,0.0037972688323040103
dallas-cowboys,Dallas Cowboys,Caleb Lomu,OT,0.3333333333333333,1,1,1,20.0,20.0,20,20,0.3333333333333333,0,87.78238993710693,265,0.0037972688323040103
dallas-cowboys,Dallas Cowboys,Denzel Boston,WR,0.3333333333333333,2,2,2,20.0,20.0,20,20,0.16666666666666666,1,87.78238993710693,265,0.0037972688323040103
dallas-cowboys,Dallas Cowboys,Spencer Fano,OT,0.3333333333333333,1,1,1,20.0,20.0,20,20,0.3333333333333333,0,87.78238993710693,265,0.0037972688323040103
dallas-cowboys,Dallas Cowboys,Malachi Lawrence,EDGE,0.3333333333333333,1,1,1,30.0,30.0,30,30,0.3333333333333333,0,87.78238993710693,265,0.0037972688323040103
dallas-cowboys,Dallas Cowboys,Anthony Hill Jr.,LB,0.29874213836477986,1,1,1,20.0,20.0,20,20,0.29874213836477986,1,87.78238993710693,265,0.0034032126327252924
dallas-cowboys,Dallas Cowboys,Jake Golday,LB,0.29874213836477986,1,1,1,20.0,20.0,20,20,0.29874213836477986,1,87.78238993710693,265,0.0034032126327252924
dallas-cowboys,Dallas Cowboys,Makai Lemon,WR,0.2777777777777778,1,1,1,12.0,12.0,12,12,0.2777777777777778,1,87.78238993710693,265,0.0031643906935866755
dallas-cowboys,Dallas Cowboys,Kenyon Sadiq,TE,0.2222222222222222,1,1,1,12.0,12.0,12,12,0.2222222222222222,1,87.78238993710693,265,0.0025315125548693402
dallas-cowboys,Dallas Cowboys,Blake Miller,OT,0.16666666666666669,1,1,1,20.0,20.0,20,20,0.16666666666666669,1,87.78238993710693,265,0.0018986344161520054
dallas-cowboys,Dallas Cowboys,Arvell Reese,LB,0.0,1,1,1,12.0,12.0,12,12,0.0,1,87.78238993710693,265,0.0
denver-broncos,Denver Broncos,Lee Hunter,DL,1.4444444444444444,4,4,4,30.0,30.0,30,30,0.3611111111111111,2,7.116421568627452,21,0.20297342288043163
denver-broncos,Denver Broncos,Caleb Banks,DL,1.0686274509803924,3,3,3,30.0,30.0,30,30,0.35620915032679745,3,7.116421568627452,21,0.15016359566040988
denver-broncos,Denver Broncos,Denzel Boston,WR,0.6666666666666667,2,2,2,30.0,30.0,30,30,0.33333333333333337,2,7.116421568627452,21,0.09368004132943
denver-broncos,Denver Broncos,Christen Miller,DL,0.6458333333333334,2,2,2,30.0,30.0,30,30,0.3229166666666667,1,7.116421568627452,21,0.09075254003788531
denver-broncos,Denver Broncos,Kevin Concepcion,WR,0.5555555555555556,1,1,1,30.0,30.0,30,30,0.5555555555555556,1,7.116421568627452,21,0.07806670110785832
denver-broncos,Denver Broncos,Omar Cooper Jr.,WR,0.5,2,2,2,30.0,30.0,30,30,0.25,1,7.116421568627452,21,0.0702600309970725
denver-broncos,Denver Broncos,C.J. Allen,LB,0.4019607843137255,1,1,1,30.0,30.0,30,30,0.4019607843137255,1,7.116421568627452,21,0.056483554330979846
denver-broncos,Denver Broncos,Chris Brazzell,WR,0.33333333333333337,1,1,1,30.0,30.0,30,30,0.33333333333333337,1,7.116421568627452,21,0.046840020664715
denver-broncos,Denver Broncos,Jacob Rodriguez,LB,0.33333333333333337,1,1,1,30.0,30.0,30,30,0.33333333333333337,1,7.116421568627452,21,0.046840020664715
denver-broncos,Denver Broncos,Kayden McDonald,DL,0.33333333333333337,1,1,1,30.0,30.0,30,30,0.33333333333333337,1,7.116421568627452,21,0.046840020664715
denver-broncos,Denver Broncos,Kenyon Sadiq,TE,0.33333333333333337,1,1,1,30.0,30.0,30,30,0.33333333333333337,1,7.116421568627452,21,0.046840020664715
denver-broncos,Denver Broncos,Jadarian Price,RB,0.3333333333333333,1,1,1,30.0,30.0,30,30,0.3333333333333333,0,7.116421568627452,21,0.046840020664714994
denver-broncos,Denver Broncos,Keldric Faulk,EDGE,0.16666666666666669,1,1,1,30.0,30.0,30,30,0.16666666666666669,1,7.116421568627452,21,0.0234200103323575
detroit-lions,Detroit Lions,Monroe Freeling,OT,14.0751443001443,39,39,39,16.435897435897434,17.0,6,17,0.3609011359011359,32,45.79823232323233,134,0.3073294226904981
detroit-lions,Detroit Lions,Kadyn Proctor,OT,9.708080808080808,29,29,29,17.06896551724138,17.0,17,19,0.3347614071752003,17,45.79823232323233,134,0.21197501116557582
detroit-lions,Detroit Lions,Spencer Fano,OT,6.933621933621933,18,18,17,16.555555555555557,17.0,13,17,0.38520121853455186,14,45.79823232323233,134,0.1513949683622325
detroit-lions,Detroit Lions,Caleb Lomu,OT,3.3826839826839827,10,10,10,18.4,17.0,17,29,0.3382683982683983,8,45.79823232323233,134,0.07386057957018637
detroit-lions,Detroit Lions,Keldric Faulk,EDGE,2.583333333333333,9,8,8,17.0,17.0,17,17,0.287037037037037,5,45.79823232323233,134,0.05640683498657373
detroit-lions,Detroit Lions,Blake Miller,OT,2.280952380952381,7,7,7,17.0,17.0,17,17,0.3258503401360544,4,45.79823232323233,134,0.049804375960495514
detroit-lions,Detroit Lions,Akheem Mesidor,EDGE,1.8661616161616164,8,8,7,17.0,17.0,17,17,0.23327020202020204,8,45.79823232323233,134,0.04074745948687976
detroit-lions,Detroit Lions,Francis Mauigoa,OT,1.6111111111111112,5,5,5,14.8,17.0,6,17,0.32222222222222224,5,45.79823232323233,134,0.03517845622818577
detroit-lions,Detroit Lions,Peter Woods,DL,0.6666666666666667,2,2,2,17.0,17.0,17,17,0.33333333333333337,1,45.79823232323233,134,0.014556602577180321
detroit-lions,Detroit Lions,Olaivavega Ioane,IOL,0.5238095238095238,1,1,1,17.0,17.0,17,17,0.5238095238095238,1,45.79823232323233,134,0.011437330596355965
detroit-lions,Detroit Lions,Avieon Terrell,CB,0.5,1,1,1,17.0,17.0,17,17,0.5,1,45.79823232323233,134,0.01091745193288524
detroit-lions,Detroit Lions,Caleb Downs,S,0.3333333333333333,1,1,1,17.0,17.0,17,17,0.3333333333333333,0,45.79823232323233,134,0.007278301288590159
detroit-lions,Detroit Lions,Cashius Howell,EDGE,0.3333333333333333,1,1,1,17.0,17.0,17,17,0.3333333333333333,0,45.79823232323233,134,0.007278301288590159
detroit-lions,Detroit Lions,Kaleb Proctor,DL,0.3333333333333333,1,1,1,17.0,17.0,17,17,0.3333333333333333,0,45.79823232323233,134,0.007278301288590159
detroit-lions,Detroit Lions,Max Iheanachor,OT,0.3333333333333333,1,1,1,17.0,17.0,17,17,0.3333333333333333,0,45.79823232323233,134,0.007278301288590159
detroit-lions,Detroit Lions,Makai Lemon,WR,0.3333333333333333,1,1,1,18.0,18.0,18,18,0.3333333333333333,0,45.79823232323233,134,0.007278301288590159
houston-texans,Houston Texans,Kayden McDonald,DL,11.078472222222222,28,28,28,27.928571428571427,28.0,26,28,0.39565972222222223,17,50.32519841269841,127,0.2201376759883141
houston-texans,Houston Texans,Peter Woods,DL,10.10922619047619,24,24,23,28.0,28.0,28,28,0.42121775793650795,17,50.32519841269841,127,0.2008780195474671
houston-texans,Houston Texans,Blake Miller,OT,6.566666666666666,16,15,15,28.0,28.0,28,28,0.41041666666666665,9,50.32519841269841,127,0.13048466521315727
houston-texans,Houston Texans,Caleb Banks,DL,3.4055555555555554,9,9,9,28.0,28.0,28,28,0.37839506172839504,8,50.32519841269841,127,0.06767098119768647
houston-texans,Houston Texans,Emmanuel Pregnon,IOL,2.966666666666667,8,8,8,28.0,28.0,28,28,0.37083333333333335,8,50.32519841269841,127,0.0589499248932538
houston-texans,Houston Texans,Chase Bisontis,IOL,2.2493055555555554,6,6,6,28.0,28.0,28,28,0.3748842592592592,2,50.32519841269841,127,0.04469541356021747
houston-texans,Houston Texans,Max Iheanachor,OT,2.2493055555555554,6,6,6,28.0,28.0,28,28,0.3748842592592592,2,50.32519841269841,127,0.04469541356021747
houston-texans,Houston Texans,Caleb Lomu,OT,2.1333333333333333,6,6,6,28.0,28.0,28,28,0.35555555555555557,3,50.32519841269841,127,0.042390957226609474
houston-texans,Houston Texans,Kadyn Proctor,OT,2.077777777777778,6,6,6,28.0,28.0,28,28,0.3462962962962963,4,50.32519841269841,127,0.041287026048833185
houston-texans,Houston Texans,Christen Miller,DL,1.3888888888888888,4,4,4,28.0,28.0,28,28,0.3472222222222222,2,50.32519841269841,127,0.02759827944440721
houston-texans,Houston Texans,C.J. Allen,LB,1.1111111111111112,3,3,3,28.0,28.0,28,28,0.3703703703703704,1,50.32519841269841,127,0.022078623555525766
houston-texans,Houston Texans,Omar Cooper Jr.,WR,0.8111111111111111,2,2,2,28.0,28.0,28,28,0.40555555555555556,2,50.32519841269841,127,0.01611739519553381
houston-texans,Houston Texans,Anthony Hill Jr.,LB,0.7333333333333333,1,1,1,28.0,28.0,28,28,0.7333333333333333,1,50.32519841269841,127,0.014571891546647005
houston-texans,Houston Texans,Emmanuel McNeil-Warren,S,0.6666666666666667,1,1,1,28.0,28.0,28,28,0.6666666666666667,1,50.32519841269841,127,0.013247174133315462
houston-texans,Houston Texans,Avieon Terrell,CB,0.6,2,2,2,24.5,24.5,21,28,0.3,1,50.32519841269841,127,0.011922456719983914
houston-texans,Houston Texans,Lee Hunter,DL,0.5555555555555556,1,1,1,28.0,28.0,28,28,0.5555555555555556,1,50.32519841269841,127,0.011039311777762883
houston-texans,Houston Texans,Spencer Fano,OT,0.5555555555555556,1,1,1,28.0,28.0,28,28,0.5555555555555556,1,50.32519841269841,127,0.011039311777762883
houston-texans,Houston Texans,Kenyon Sadiq,TE,0.4,1,1,1,28.0,28.0,28,28,0.4,1,50.32519841269841,127,0.007948304479989277
houston-texans,Houston Texans,Cashius Howell,EDGE,0.33333333333333337,1,1,1,28.0,28.0,28,28,0.33333333333333337,1,50.32519841269841,127,0.006623587066657731
houston-texans,Houston Texans,T.J. Parker,EDGE,0.33333333333333337,1,1,1,28.0,28.0,28,28,0.33333333333333337,1,50.32519841269841,127,0.006623587066657731
indianapolis-colts,Indianapolis Colts,Monroe Freeling,OT,0.2222222222222222,1,1,1,24.0,24.0,24,24,0.2222222222222222,1,0.2222222222222222,1,1.0
jacksonville-jaguars,Jacksonville Jaguars,Jordyn Tyson,WR,0.4444444444444444,1,1,1,20.0,20.0,20,20,0.4444444444444444,1,0.7777777777777777,2,0.5714285714285715
jacksonville-jaguars,Jacksonville Jaguars,Peter Woods,DL,0.3333333333333333,1,1,1,30.0,30.0,30,30,0.3333333333333333,0,0.7777777777777777,2,0.4285714285714286
kansas-city-chiefs,Kansas City Chiefs,Mansoor Delane,CB,12.333333333333334,34,34,34,9.5,9.0,6,29,0.36274509803921573,21,91.19483216834135,271,0.13524158156864177
kansas-city-chiefs,Kansas City Chiefs,Rueben Bain,EDGE,9.803867227319062,29,29,27,8.827586206896552,9.0,4,9,0.33806438714893317,20,91.19483216834135,271,0.10750463589013011
kansas-city-chiefs,Kansas City Chiefs,Colton Hood,CB,6.704892966360856,21,21,20,29.0,29.0,29,29,0.3192806174457551,15,91.19483216834135,271,0.07352272937992738
kansas-city-chiefs,Kansas City Chiefs,Avieon Terrell,CB,6.624337410805301,21,21,20,29.0,29.0,29,29,0.31544463860977623,14,91.19483216834135,271,0.0726393947255376
kansas-city-chiefs,Kansas City Chiefs,Francis Mauigoa,OT,5.43822629969419,16,16,15,9.0,9.0,9,9,0.33988914373088686,13,91.19483216834135,271,0.059633053435039836
kansas-city-chiefs,Kansas City Chiefs,Denzel Boston,WR,4.444444444444445,8,8,8,28.25,29.0,23,29,0.5555555555555556,7,91.19483216834135,271,0.048735705069780824
kansas-city-chiefs,Kansas City Chiefs,Jermod McCoy,CB,3.9580020387359838,11,11,11,23.181818181818183,29.0,9,29,0.35981836715781673,9,91.19483216834135,271,0.04340160450572132
kansas-city-chiefs,Kansas City Chiefs,Kenyon Sadiq,TE,3.75,11,11,11,19.363636363636363,17.0,9,29,0.3409090909090909,7,91.19483216834135,271,0.04112075115262757
kansas-city-chiefs,Kansas City Chiefs,David Bailey,EDGE,3.635779816513762,11,11,11,8.0,9.0,3,9,0.3305254378648874,10,91.19483216834135,271,0.03986826588816222
kansas-city-chiefs,Kansas City Chiefs,Carnell Tate,WR,3.140541721275666,10,10,10,8.6,9.0,5,9,0.3140541721275666,7,91.19483216834135,271,0.03443771589467235
kansas-city-chiefs,Kansas City Chiefs,Spencer Fano,OT,2.4166666666666665,8,8,8,9.0,9.0,9,9,0.3020833333333333,6,91.19483216834135,271,0.02650003963169332
kansas-city-chiefs,Kansas City Chiefs,Caleb Downs,S,2.3055555555555554,8,8,8,9.0,9.0,9,9,0.2881944444444444,6,91.19483216834135,271,0.0252816470049488
kansas-city-chiefs,Kansas City Chiefs,Omar Cooper Jr.,WR,2.3,8,8,8,29.0,29.0,29,29,0.2875,5,91.19483216834135,271,0.02522072737361157
kansas-city-chiefs,Kansas City Chiefs,Kevin Concepcion,WR,2.111111111111111,5,5,5,29.0,29.0,29,29,0.4222222222222222,3,91.19483216834135,271,0.02314945990814589
kansas-city-chiefs,Kansas City Chiefs,T.J. Parker,EDGE,2.0,4,4,4,29.0,29.0,29,29,0.5,4,91.19483216834135,271,0.02193106728140137
kansas-city-chiefs,Kansas City Chiefs,Jordyn Tyson,WR,1.8802242609582058,6,6,6,15.666666666666666,9.0,9,29,0.31337071015970097,4,91.19483216834135,271,0.020617662385598787
kansas-city-chiefs,Kansas City Chiefs,Chris Johnson,CB,1.6388888888888888,3,3,3,28.333333333333332,29.0,27,29,0.5462962962962963,3,91.19483216834135,271,0.017971291244481675
kansas-city-chiefs,Kansas City Chiefs,Blake Miller,OT,1.6111111111111112,6,6,6,29.0,29.0,29,29,0.26851851851851855,3,91.19483216834135,271,0.017666693087795546
kansas-city-chiefs,Kansas City Chiefs,Brandon Cisse,CB,1.3888888888888888,5,5,5,29.0,29.0,29,29,0.2777777777777778,3,91.19483216834135,271,0.015229907834306505
kansas-city-chiefs,Kansas City Chiefs,Keldric Faulk,EDGE,1.3111111111111111,4,4,4,18.0,17.0,9,29,0.3277777777777778,2,91.19483216834135,271,0.014377032995585341
kansas-city-chiefs,Kansas City Chiefs,Sonny Styles,LB,1.0,3,3,3,7.333333333333333,9.0,4,9,0.3333333333333333,3,91.19483216834135,271,0.010965533640700685
kansas-city-chiefs,Kansas City Chiefs,Zion Young,EDGE,1.0,3,3,3,29.0,29.0,29,29,0.3333333333333333,0,91.19483216834135,271,0.010965533640700685
kansas-city-chiefs,Kansas City Chiefs,Cashius Howell,EDGE,0.9047619047619048,3,3,3,29.0,29.0,29,29,0.30158730158730157,2,91.19483216834135,271,0.009921197103491096
kansas-city-chiefs,Kansas City Chiefs,Makai Lemon,WR,0.8333333333333333,3,3,3,9.0,9.0,9,9,0.27777777777777773,1,91.19483216834135,271,0.009137944700583902
kansas-city-chiefs,Kansas City Chiefs,Emmanuel McNeil-Warren,S,0.8333333333333333,3,3,3,29.0,29.0,29,29,0.27777777777777773,1,91.19483216834135,271,0.009137944700583902
kansas-city-chiefs,Kansas City Chiefs,Peter Woods,DL,0.7604166666666667,2,2,2,29.0,29.0,29,29,0.38020833333333337,1,91.19483216834135,271,0.008338374539282814
kansas-city-chiefs,Kansas City Chiefs,Akheem Mesidor,EDGE,0.6666666666666667,2,2,2,29.0,29.0,29,29,0.33333333333333337,2,91.19483216834135,271,0.0073103557604671235
kansas-city-chiefs,Kansas City Chiefs,Max Iheanachor,OT,0.6666666666666667,2,2,2,29.0,29.0,29,29,0.33333333333333337,2,91.19483216834135,271,0.0073103557604671235
kansas-city-chiefs,Kansas City Chiefs,Kadyn Proctor,OT,0.6111111111111112,2,2,2,24.5,24.5,20,29,0.3055555555555556,2,91.19483216834135,271,0.006701159447094863
kansas-city-chiefs,Kansas City Chiefs,Chris Brazzell,WR,0.6024464831804281,2,2,2,29.0,29.0,29,29,0.3012232415902141,1,91.19483216834135,271,0.006606147178036804
kansas-city-chiefs,Kansas City Chiefs,Malachi Lawrence,EDGE,0.6,2,2,2,29.0,29.0,29,29,0.3,1,91.19483216834135,271,0.00657932018442041
kansas-city-chiefs,Kansas City Chiefs,Monroe Freeling,OT,0.5555555555555556,3,3,3,9.0,9.0,9,9,0.1851851851851852,2,91.19483216834135,271,0.006091963133722603
kansas-city-chiefs,Kansas City Chiefs,R Mason Thomas,EDGE,0.4444444444444444,2,2,2,29.0,29.0,29,29,0.2222222222222222,2,91.19483216834135,271,0.004873570506978082
kansas-city-chiefs,Kansas City Chiefs,C.J. Allen,LB,0.4,1,1,1,29.0,29.0,29,29,0.4,1,91.19483216834135,271,0.004386213456280274
kansas-city-chiefs,Kansas City Chiefs,Antonio Williams,WR,0.33333333333333337,1,1,1,29.0,29.0,29,29,0.33333333333333337,1,91.19483216834135,271,0.0036551778802335617
kansas-city-chiefs,Kansas City Chiefs,Dillon Thieneman,S,0.3333333333333333,1,1,1,9.0,9.0,9,9,0.3333333333333333,0,91.19483216834135,271,0.0036551778802335613
kansas-city-chiefs,Kansas City Chiefs,Gabe Jacas,EDGE,0.3333333333333333,1,1,1,29.0,29.0,29,29,0.3333333333333333,0,91.19483216834135,271,0.0036551778802335613
kansas-city-chiefs,Kansas City Chiefs,Jacob Rodriguez,LB,0.3333333333333333,1,1,1,29.0,29.0,29,29,0.3333333333333333,0,91.19483216834135,271,0.0036551778802335613
kansas-city-chiefs,Kansas City Chiefs,Romello Height,EDGE,0.3333333333333333,1,1,1,29.0,29.0,29,29,0.3333333333333333,0,91.19483216834135,271,0.0036551778802335613
kansas-city-chiefs,Kansas City Chiefs,Kayden McDonald,DL,0.26911314984709483,1,1,1,29.0,29.0,29,29,0.26911314984709483,1,91.19483216834135,271,0.0029509692978032425
kansas-city-chiefs,Kansas City Chiefs,Nic Scourton,EDGE,0.25,1,1,1,29.0,29.0,29,29,0.25,1,91.19483216834135,271,0.002741383410175171
kansas-city-chiefs,Kansas City Chiefs,Caleb Banks,DL,0.16666666666666669,1,1,1,29.0,29.0,29,29,0.16666666666666669,1,91.19483216834135,271,0.0018275889401167809
kansas-city-chiefs,Kansas City Chiefs,Emmanuel Pregnon,IOL,0.16666666666666669,1,1,1,29.0,29.0,29,29,0.16666666666666669,1,91.19483216834135,271,0.0018275889401167809
las-vegas-raiders,Las Vegas Raiders,Fernando Mendoza,QB,52.09305555555556,138,137,131,1.0,1.0,1,1,0.37748590982286634,92,53.75972222222222,143,0.9689978556850183
las-vegas-raiders,Las Vegas Raiders,Caleb Downs,S,0.33333333333333337,1,1,1,1.0,1.0,1,1,0.33333333333333337,1,53.75972222222222,143,0.0062004288629963576
las-vegas-raiders,Las Vegas Raiders,Arvell Reese,LB,0.33333333333333337,1,1,1,2.0,2.0,2,2,0.33333333333333337,1,53.75972222222222,143,0.0062004288629963576
las-vegas-raiders,Las Vegas Raiders,Denzel Boston,WR,0.33333333333333337,1,1,1,16.0,16.0,16,16,0.33333333333333337,1,53.75972222222222,143,0.0062004288629963576
las-vegas-raiders,Las Vegas Raiders,Ty Simpson,QB,0.33333333333333337,1,1,1,32.0,32.0,32,32,0.33333333333333337,1,53.75972222222222,143,0.0062004288629963576
las-vegas-raiders,Las Vegas Raiders,Jermod McCoy,CB,0.3333333333333333,1,1,1,14.0,14.0,14,14,0.3333333333333333,0,53.75972222222222,143,0.006200428862996357
los-angeles-chargers,Los Angeles Chargers,Olaivavega Ioane,IOL,7.857142857142858,23,23,23,21.73913043478261,22.0,18,22,0.34161490683229817,15,47.60525354684647,134,0.16504781030965313
los-angeles-chargers,Los Angeles Chargers,T.J. Parker,EDGE,4.52409046214356,12,12,9,22.0,22.0,22,22,0.37700753851196334,10,47.60525354684647,134,0.09503342856249215
los-angeles-chargers,Los Angeles Chargers,Keldric Faulk,EDGE,4.15086388537716,10,10,10,22.0,22.0,22,22,0.415086388537716,7,47.60525354684647,134,0.08719339938589882
los-angeles-chargers,Los Angeles Chargers,Akheem Mesidor,EDGE,4.022222222222222,12,12,12,22.083333333333332,22.0,22,23,0.3351851851851852,10,47.60525354684647,134,0.08449114168174969
los-angeles-chargers,Los Angeles Chargers,Peter Woods,DL,3.4523809523809526,12,12,12,22.0,22.0,22,22,0.28769841269841273,6,47.60525354684647,134,0.07252100756030212
los-angeles-chargers,Los Angeles Chargers,Kayden McDonald,DL,3.2777777777777777,8,8,8,22.0,22.0,22,22,0.4097222222222222,6,47.60525354684647,134,0.06885327844230983
los-angeles-chargers,Los Angeles Chargers,Kadyn Proctor,OT,2.8253968253968256,8,8,8,22.0,22.0,22,22,0.3531746031746032,7,47.60525354684647,134,0.05935052572751163
los-angeles-chargers,Los Angeles Chargers,Cashius Howell,EDGE,2.177777777777778,5,5,5,22.4,22.0,22,24,0.4355555555555556,5,47.60525354684647,134,0.0457465849989584
los-angeles-chargers,Los Angeles Chargers,Caleb Banks,DL,2.111111111111111,6,6,6,22.0,22.0,22,22,0.35185185185185186,5,47.60525354684647,134,0.04434617933572498
los-angeles-chargers,Los Angeles Chargers,Spencer Fano,OT,1.9921337266470012,6,6,6,22.0,22.0,22,22,0.3320222877745002,4,47.60525354684647,134,0.04184693029072138
los-angeles-chargers,Los Angeles Chargers,Caleb Lomu,OT,1.5555555555555558,3,3,3,22.0,22.0,22,22,0.5185185185185186,3,47.60525354684647,134,0.032676132142113144
los-angeles-chargers,Los Angeles Chargers,Emmanuel McNeil-Warren,S,1.5333333333333332,5,5,5,22.0,22.0,22,22,0.30666666666666664,2,47.60525354684647,134,0.032209330254368666
los-angeles-chargers,Los Angeles Chargers,Emmanuel Pregnon,IOL,1.369911504424779,4,4,4,24.0,22.0,22,30,0.34247787610619473,3,47.60525354684647,134,0.028776477433876128
los-angeles-chargers,Los Angeles Chargers,Omar Cooper Jr.,WR,1.0666666666666667,3,3,3,22.0,22.0,22,22,0.35555555555555557,1,47.60525354684647,134,0.022406490611734727
los-angeles-chargers,Los Angeles Chargers,Avieon Terrell,CB,0.6666666666666667,2,2,2,22.0,22.0,22,22,0.33333333333333337,2,47.60525354684647,134,0.014004056632334205
los-angeles-chargers,Los Angeles Chargers,Denzel Boston,WR,0.6666666666666667,2,2,2,22.0,22.0,22,22,0.33333333333333337,1,47.60525354684647,134,0.014004056632334205
los-angeles-chargers,Los Angeles Chargers,Zion Young,EDGE,0.6666666666666667,2,2,2,24.0,24.0,22,26,0.33333333333333337,2,47.60525354684647,134,0.014004056632334205
los-angeles-chargers,Los Angeles Chargers,Francis Mauigoa,OT,0.5555555555555556,1,1,1,22.0,22.0,22,22,0.5555555555555556,1,47.60525354684647,134,0.011670047193611836
los-angeles-chargers,Los Angeles Chargers,Jordyn Tyson,WR,0.5555555555555556,2,2,2,22.0,22.0,22,22,0.2777777777777778,2,47.60525354684647,134,0.011670047193611836
los-angeles-chargers,Los Angeles Chargers,Jermod McCoy,CB,0.5,2,2,2,22.0,22.0,22,22,0.25,1,47.60525354684647,134,0.010503042474250653
los-angeles-chargers,Los Angeles Chargers,Lee Hunter,DL,0.4666666666666666,1,1,1,22.0,22.0,22,22,0.4666666666666666,1,47.60525354684647,134,0.009802839642633942
los-angeles-chargers,Los Angeles Chargers,Dillon Thieneman,S,0.33333333333333337,1,1,1,24.0,24.0,24,24,0.33333333333333337,1,47.60525354684647,134,0.0070020283161671025
los-angeles-chargers,Los Angeles Chargers,Anthony Hill Jr.,LB,0.3333333333333333,1,1,1,22.0,22.0,22,22,0.3333333333333333,0,47.60525354684647,134,0.007002028316167102
los-angeles-chargers,Los Angeles Chargers,Kenyon Sadiq,TE,0.3333333333333333,1,1,1,22.0,22.0,22,22,0.3333333333333333,0,47.60525354684647,134,0.007002028316167102
los-angeles-chargers,Los Angeles Chargers,Monroe Freeling,OT,0.3333333333333333,1,1,1,22.0,22.0,22,22,0.3333333333333333,0,47.60525354684647,134,0.007002028316167102
los-angeles-chargers,Los Angeles Chargers,Malachi Lawrence,EDGE,0.2777777777777778,1,1,1,22.0,22.0,22,22,0.2777777777777778,1,47.60525354684647,134,0.005835023596805918
los-angeles-rams,Los Angeles Rams,Makai Lemon,WR,11.080986649979142,36,36,36,13.0,13.0,13,13,0.3078051847216428,23,44.789102557632525,136,0.24740363207145413
los-angeles-rams,Los Angeles Rams,Jordyn Tyson,WR,6.999795751633988,22,22,22,13.0,13.0,13,13,0.31817253416518126,14,44.789102557632525,136,0.15628345628553234
los-angeles-rams,Los Angeles Rams,Spencer Fano,OT,5.524101307189543,17,17,17,13.0,13.0,13,13,0.32494713571703193,10,44.789102557632525,136,0.12333583375736068
los-angeles-rams,Los Angeles Rams,Monroe Freeling,OT,4.0,12,12,12,13.0,13.0,13,13,0.3333333333333333,6,44.789102557632525,136,0.08930743800577355
los-angeles-rams,Los Angeles Rams,Omar Cooper Jr.,WR,3.763888888888889,10,10,10,16.8,15.0,13,26,0.3763888888888889,6,44.789102557632525,136,0.08403581840126607
los-angeles-rams,Los Angeles Rams,Francis Mauigoa,OT,3.7046568627450984,10,10,10,13.0,13.0,13,13,0.3704656862745098,6,44.789102557632525,136,0.08271335327556785
los-angeles-rams,Los Angeles Rams,Kenyon Sadiq,TE,2.8921568627450984,8,8,8,13.0,13.0,13,13,0.3615196078431373,6,44.789102557632525,136,0.0645727799306451
los-angeles-rams,Los Angeles Rams,Carnell Tate,WR,1.3854166666666667,4,4,4,10.5,11.5,6,13,0.3463541666666667,2,44.789102557632525,136,0.030932003267624693
los-angeles-rams,Los Angeles Rams,Denzel Boston,WR,0.8921568627450981,2,2,2,13.0,13.0,13,13,0.44607843137254904,2,44.789102557632525,136,0.019919060927758317
los-angeles-rams,Los Angeles Rams,Caleb Downs,S,0.7881944444444444,3,3,3,13.0,13.0,13,13,0.26273148148148145,2,44.789102557632525,136,0.017597906620929336
los-angeles-rams,Los Angeles Rams,Caleb Lomu,OT,0.7254901960784315,2,2,2,13.0,13.0,13,13,0.36274509803921573,1,44.789102557632525,136,0.016197917677517753
los-angeles-rams,Los Angeles Rams,Sonny Styles,LB,0.6989247311827957,2,2,2,13.0,13.0,13,13,0.34946236559139787,0,44.789102557632525,136,0.015604794275202368
los-angeles-rams,Los Angeles Rams,Jeremiyah Love,RB,0.6666666666666667,2,2,2,10.0,10.0,7,13,0.33333333333333337,1,44.789102557632525,136,0.01488457300096226
los-angeles-rams,Los Angeles Rams,Dillon Thieneman,S,0.6666666666666667,2,2,2,13.0,13.0,13,13,0.33333333333333337,2,44.789102557632525,136,0.01488457300096226
los-angeles-rams,Los Angeles Rams,Jermod McCoy,CB,0.33333333333333337,1,1,1,13.0,13.0,13,13,0.33333333333333337,1,44.789102557632525,136,0.00744228650048113
los-angeles-rams,Los Angeles Rams,Colton Hood,CB,0.33333333333333337,1,1,1,29.0,29.0,29,29,0.33333333333333337,1,44.789102557632525,136,0.00744228650048113
los-angeles-rams,Los Angeles Rams,Ty Simpson,QB,0.3333333333333333,1,1,1,13.0,13.0,13,13,0.3333333333333333,0,44.789102557632525,136,0.007442286500481128
los-angeles-rams,Los Angeles Rams,Kevin Concepcion,WR,0.0,1,1,1,19.0,19.0,19,19,0.0,1,44.789102557632525,136,0.0
miami-dolphins,Miami Dolphins,Mansoor Delane,CB,8.807936507936509,27,27,27,11.0,11.0,11,11,0.3262198706643151,17,83.40279157682606,248,0.10560721459572636
miami-dolphins,Miami Dolphins,Makai Lemon,WR,7.81949048041827,24,24,23,11.0,11.0,11,11,0.3258121033507612,16,83.40279157682606,248,0.09375574045642568
miami-dolphins,Miami Dolphins,Colton Hood,CB,6.04948538357831,17,17,17,30.0,30.0,30,30,0.35585208138695945,10,83.40279157682606,248,0.07253336811880999
miami-dolphins,Miami Dolphins,Avieon Terrell,CB,5.358660987330712,17,17,16,29.529411764705884,30.0,22,30,0.3152153521959242,11,83.40279157682606,248,0.06425037922615107
miami-dolphins,Miami Dolphins,Francis Mauigoa,OT,5.270501128585991,15,15,15,10.866666666666667,11.0,9,11,0.35136674190573275,11,83.40279157682606,248,0.06319334196063564
miami-dolphins,Miami Dolphins,Jermod McCoy,CB,5.111111111111112,15,15,15,11.0,11.0,11,11,0.3407407407407408,9,83.40279157682606,248,0.061282254640158386
miami-dolphins,Miami Dolphins,Kevin Concepcion,WR,4.626984126984127,13,13,13,30.0,30.0,30,30,0.35592185592185593,9,83.40279157682606,248,0.05547756902983282
miami-dolphins,Miami Dolphins,Denzel Boston,WR,4.495238095238095,12,12,12,30.0,30.0,30,30,0.3746031746031746,8,83.40279157682606,248,0.05389793327358029
miami-dolphins,Miami Dolphins,Spencer Fano,OT,4.347053844473569,14,14,13,11.285714285714286,11.0,11,15,0.31050384603382636,11,83.40279157682606,248,0.052121203167034315
miami-dolphins,Miami Dolphins,Keldric Faulk,EDGE,3.7576043031891655,12,12,12,23.666666666666668,30.0,11,30,0.31313369193243046,8,83.40279157682606,248,0.04505369942836826
miami-dolphins,Miami Dolphins,Omar Cooper Jr.,WR,2.84375,9,9,9,30.0,30.0,30,30,0.3159722222222222,6,83.40279157682606,248,0.034096580536881596
miami-dolphins,Miami Dolphins,Jordyn Tyson,WR,2.3839285714285716,7,7,7,11.0,11.0,11,11,0.3405612244897959,4,83.40279157682606,248,0.028583318691828532
miami-dolphins,Miami Dolphins,Kenyon Sadiq,TE,2.3095238095238093,6,6,6,15.666666666666666,11.0,11,30,0.3849206349206349,3,83.40279157682606,248,0.027691205124667835
miami-dolphins,Miami Dolphins,Carnell Tate,WR,2.2870685889034514,7,7,7,10.142857142857142,11.0,5,11,0.3267240841290645,5,83.40279157682606,248,0.027421966887004372
miami-dolphins,Miami Dolphins,Caleb Downs,S,1.9505606523955148,5,5,5,11.0,11.0,11,11,0.390112130479103,4,83.40279157682606,248,0.02338723459392562
miami-dolphins,Miami Dolphins,Olaivavega Ioane,IOL,1.9365079365079365,6,6,6,11.0,11.0,11,11,0.32275132275132273,4,83.40279157682606,248,0.023218742441302242
miami-dolphins,Miami Dolphins,Emmanuel McNeil-Warren,S,1.6547619047619047,4,4,4,25.25,30.0,11,30,0.41369047619047616,4,83.40279157682606,248,0.01984060573365376
miami-dolphins,Miami Dolphins,Akheem Mesidor,EDGE,1.4942114460463083,5,5,5,30.0,30.0,30,30,0.29884228920926165,5,83.40279157682606,248,0.01791560471534005
miami-dolphins,Miami Dolphins,Kadyn Proctor,OT,1.25,4,4,4,30.0,30.0,30,30,0.3125,4,83.40279157682606,248,0.014987507928299604
miami-dolphins,Miami Dolphins,Chris Johnson,CB,1.1142857142857143,3,3,3,30.0,30.0,30,30,0.37142857142857144,3,83.40279157682606,248,0.013360292781798504
miami-dolphins,Miami Dolphins,Rueben Bain,EDGE,1.0,3,3,3,11.0,11.0,11,11,0.3333333333333333,1,83.40279157682606,248,0.011990006342639683
miami-dolphins,Miami Dolphins,Max Iheanachor,OT,0.9166666666666667,3,3,3,30.0,30.0,30,30,0.3055555555555556,2,83.40279157682606,248,0.01099083914741971
miami-dolphins,Miami Dolphins,Zion Young,EDGE,0.7619047619047619,2,2,2,30.0,30.0,30,30,0.38095238095238093,1,83.40279157682606,248,0.009135242927725473
miami-dolphins,Miami Dolphins,Dillon Thieneman,S,0.6666666666666667,2,2,2,11.0,11.0,11,11,0.33333333333333337,2,83.40279157682606,248,0.00799333756175979
miami-dolphins,Miami Dolphins,Chase Bisontis,IOL,0.6666666666666667,2,2,2,30.0,30.0,30,30,0.33333333333333337,1,83.40279157682606,248,0.00799333756175979
miami-dolphins,Miami Dolphins,Chris Bell,WR,0.6666666666666667,2,2,2,30.0,30.0,30,30,0.33333333333333337,1,83.40279157682606,248,0.00799333756175979
miami-dolphins,Miami Dolphins,T.J. Parker,EDGE,0.6666666666666667,2,2,2,30.0,30.0,30,30,0.33333333333333337,1,83.40279157682606,248,0.00799333756175979
miami-dolphins,Miami Dolphins,Monroe Freeling,OT,0.6666666666666666,2,2,2,11.0,11.0,11,11,0.3333333333333333,0,83.40279157682606,248,0.007993337561759788
miami-dolphins,Miami Dolphins,Cashius Howell,EDGE,0.6333333333333333,2,2,2,30.0,30.0,30,30,0.31666666666666665,2,83.40279157682606,248,0.007593670683671799
miami-dolphins,Miami Dolphins,Ty Simpson,QB,0.5555555555555556,1,1,1,30.0,30.0,30,30,0.5555555555555556,1,83.40279157682606,248,0.006661114634799824
miami-dolphins,Miami Dolphins,Anthony Hill Jr.,LB,0.33333333333333337,1,1,1,30.0,30.0,30,30,0.33333333333333337,1,83.40279157682606,248,0.003996668780879895
miami-dolphins,Miami Dolphins,Brandon Cisse,CB,0.3333333333333333,1,1,1,30.0,30.0,30,30,0.3333333333333333,0,83.40279157682606,248,0.003996668780879894
miami-dolphins,Miami Dolphins,Christen Miller,DL,0.3333333333333333,1,1,1,30.0,30.0,30,30,0.3333333333333333,0,83.40279157682606,248,0.003996668780879894
miami-dolphins,Miami Dolphins,Kayden McDonald,DL,0.3333333333333333,1,1,1,30.0,30.0,30,30,0.3333333333333333,0,83.40279157682606,248,0.003996668780879894
miami-dolphins,Miami Dolphins,C.J. Allen,LB,0.0,1,1,1,30.0,30.0,30,30,0.0,1,83.40279157682606,248,0.0
minnesota-vikings,Minnesota Vikings,Dillon Thieneman,S,30.243383167220376,82,81,78,18.0,18.0,18,18,0.3688217459417119,62,49.158361018826135,135,0.6152235863933319
minnesota-vikings,Minnesota Vikings,Emmanuel McNeil-Warren,S,4.579198966408269,13,13,13,19.53846153846154,18.0,18,32,0.3522460743390976,10,49.158361018826135,135,0.09315198618307427
minnesota-vikings,Minnesota Vikings,Jermod McCoy,CB,3.4388888888888887,8,8,8,18.5,18.0,18,22,0.4298611111111111,5,49.158361018826135,135,0.06995532026732747
minnesota-vikings,Minnesota Vikings,Peter Woods,DL,2.6444444444444444,6,6,6,18.0,18.0,18,18,0.4407407407407407,4,49.158361018826135,135,0.053794398137718705
minnesota-vikings,Minnesota Vikings,Caleb Downs,S,1.257936507936508,4,4,4,15.25,16.5,10,18,0.314484126984127,3,49.158361018826135,135,0.025589472103326575
minnesota-vikings,Minnesota Vikings,Caleb Banks,DL,1.2083333333333333,4,4,4,18.0,18.0,18,18,0.3020833333333333,3,49.158361018826135,135,0.02458042351881054
minnesota-vikings,Minnesota Vikings,Jeremiyah Love,RB,1.1291989664082687,4,4,4,17.0,18.0,14,18,0.28229974160206717,2,49.158361018826135,135,0.022970639032815196
minnesota-vikings,Minnesota Vikings,Kayden McDonald,DL,0.9069767441860466,2,2,2,18.0,18.0,18,18,0.4534883720930233,2,49.158361018826135,135,0.018450101374183375
minnesota-vikings,Minnesota Vikings,Avieon Terrell,CB,0.6666666666666667,1,1,1,18.0,18.0,18,18,0.6666666666666667,1,49.158361018826135,135,0.013561612975895473
minnesota-vikings,Minnesota Vikings,Spencer Fano,OT,0.5833333333333333,3,3,3,18.0,18.0,18,18,0.19444444444444442,3,49.158361018826135,135,0.011866411353908536
minnesota-vikings,Minnesota Vikings,Olaivavega Ioane,IOL,0.5,1,1,1,18.0,18.0,18,18,0.5,1,49.158361018826135,135,0.010171209731921604
minnesota-vikings,Minnesota Vikings,Keldric Faulk,EDGE,0.3333333333333333,1,1,1,16.0,16.0,16,16,0.3333333333333333,0,49.158361018826135,135,0.0067808064879477355
minnesota-vikings,Minnesota Vikings,Akheem Mesidor,EDGE,0.3333333333333333,1,1,1,18.0,18.0,18,18,0.3333333333333333,0,49.158361018826135,135,0.0067808064879477355
minnesota-vikings,Minnesota Vikings,Chris Johnson,CB,0.3333333333333333,1,1,1,18.0,18.0,18,18,0.3333333333333333,0,49.158361018826135,135,0.0067808064879477355
minnesota-vikings,Minnesota Vikings,Colton Hood,CB,0.3333333333333333,1,1,1,18.0,18.0,18,18,0.3333333333333333,0,49.158361018826135,135,0.0067808064879477355
minnesota-vikings,Minnesota Vikings,Lee Hunter,DL,0.3333333333333333,1,1,1,18.0,18.0,18,18,0.3333333333333333,0,49.158361018826135,135,0.0067808064879477355
minnesota-vikings,Minnesota Vikings,Mansoor Delane,CB,0.3333333333333333,2,2,2,18.0,18.0,18,18,0.16666666666666666,1,49.158361018826135,135,0.0067808064879477355
new-england-patriots,New England Patriots,T.J. Parker,EDGE,7.766666666666667,16,16,16,31.0,31.0,31,31,0.48541666666666666,9,63.235707262255936,129,0.1228209029821736
new-england-patriots,New England Patriots,Blake Miller,OT,6.43503301025425,13,13,13,31.0,31.0,31,31,0.4950025392503269,10,63.235707262255936,129,0.10176264785916589
new-england-patriots,New England Patriots,Cashius Howell,EDGE,5.080383480825959,12,11,10,31.0,31.0,31,31,0.4233652900688299,6,63.235707262255936,129,0.0803404231687677
new-england-patriots,New England Patriots,Max Iheanachor,OT,5.070747295968535,9,9,9,31.0,31.0,31,31,0.5634163662187262,9,63.235707262255936,129,0.08018803798522797
new-england-patriots,New England Patriots,Denzel Boston,WR,4.166666666666667,9,9,9,31.0,31.0,31,31,0.462962962962963,5,63.235707262255936,129,0.06589104237241074
new-england-patriots,New England Patriots,Zion Young,EDGE,3.4333333333333336,8,8,8,31.0,31.0,31,31,0.4291666666666667,6,63.235707262255936,129,0.054294218914866445
new-england-patriots,New England Patriots,C.J. Allen,LB,3.388888888888889,6,6,6,31.0,31.0,31,31,0.5648148148148148,4,63.235707262255936,129,0.053591381129560724
new-england-patriots,New England Patriots,Caleb Lomu,OT,3.2777777777777777,5,5,5,31.0,31.0,31,31,0.6555555555555556,5,63.235707262255936,129,0.051834286666296435
new-england-patriots,New England Patriots,Kayden McDonald,DL,2.4444444444444446,4,4,4,31.0,31.0,31,31,0.6111111111111112,3,63.235707262255936,129,0.0386560781918143
new-england-patriots,New England Patriots,Kadyn Proctor,OT,2.165191740412979,5,5,5,31.0,31.0,31,31,0.4330383480825958,4,63.235707262255936,129,0.03424001777086688
new-england-patriots,New England Patriots,Malachi Lawrence,EDGE,2.1111111111111107,3,3,3,31.0,31.0,31,31,0.7037037037037036,3,63.235707262255936,129,0.03338479480202143
new-england-patriots,New England Patriots,Akheem Mesidor,EDGE,1.8888888888888888,4,4,4,31.0,31.0,31,31,0.4722222222222222,3,63.235707262255936,129,0.029870605875492864
new-england-patriots,New England Patriots,Keldric Faulk,EDGE,1.7777777777777777,4,4,4,31.0,31.0,31,31,0.4444444444444444,3,63.235707262255936,129,0.028113511412228575
new-england-patriots,New England Patriots,Kevin Concepcion,WR,1.7777777777777777,3,3,3,31.0,31.0,31,31,0.5925925925925926,2,63.235707262255936,129,0.028113511412228575
new-england-patriots,New England Patriots,Omar Cooper Jr.,WR,1.720747295968535,4,4,4,31.0,31.0,31,31,0.43018682399213376,4,63.235707262255936,129,0.02721163991780974
new-england-patriots,New England Patriots,R Mason Thomas,EDGE,1.4985250737463127,2,2,2,31.0,31.0,31,31,0.7492625368731564,2,63.235707262255936,129,0.02369745099128117
new-england-patriots,New England Patriots,Caleb Banks,DL,1.3333333333333335,3,3,3,31.0,31.0,31,31,0.4444444444444445,3,63.235707262255936,129,0.021085133559171434
new-england-patriots,New England Patriots,Kenyon Sadiq,TE,1.142857142857143,2,2,2,31.0,31.0,31,31,0.5714285714285715,2,63.235707262255936,129,0.018072971622146945
new-england-patriots,New England Patriots,Christen Miller,DL,1.0,1,1,1,31.0,31.0,31,31,1.0,1,63.235707262255936,129,0.015813850169378574
new-england-patriots,New England Patriots,Gabe Jacas,EDGE,1.0,2,2,2,31.0,31.0,31,31,0.5,1,63.235707262255936,129,0.015813850169378574
new-england-patriots,New England Patriots,Jacob Rodriguez,LB,0.8,2,2,2,31.0,31.0,31,31,0.4,2,63.235707262255936,129,0.012651080135502861
new-england-patriots,New England Patriots,Emmanuel McNeil-Warren,S,0.7777777777777778,2,2,2,28.0,28.0,25,31,0.3888888888888889,2,63.235707262255936,129,0.012299661242850002
new-england-patriots,New England Patriots,Anthony Hill Jr.,LB,0.6666666666666666,2,2,2,31.0,31.0,31,31,0.3333333333333333,0,63.235707262255936,129,0.010542566779585715
new-england-patriots,New England Patriots,Chris Brazzell,WR,0.4,1,1,1,31.0,31.0,31,31,0.4,1,63.235707262255936,129,0.0063255400677514305
new-england-patriots,New England Patriots,Avieon Terrell,CB,0.33333333333333337,1,1,1,31.0,31.0,31,31,0.33333333333333337,1,63.235707262255936,129,0.0052712833897928585
new-england-patriots,New England Patriots,Chris Bell,WR,0.3333333333333333,1,1,1,31.0,31.0,31,31,0.3333333333333333,0,63.235707262255936,129,0.005271283389792858
new-england-patriots,New England Patriots,D'angelo Ponds,CB,0.3333333333333333,1,1,1,31.0,31.0,31,31,0.3333333333333333,0,63.235707262255936,129,0.005271283389792858
new-england-patriots,New England Patriots,Elijah Sarratt,WR,0.3333333333333333,1,1,1,31.0,31.0,31,31,0.3333333333333333,0,63.235707262255936,129,0.005271283389792858
new-england-patriots,New England Patriots,Matayo Uiagalelei,EDGE,0.3333333333333333,1,1,1,31.0,31.0,31,31,0.3333333333333333,0,63.235707262255936,129,0.005271283389792858
new-england-patriots,New England Patriots,Eli Stowers,TE,0.2222222222222222,1,1,1,31.0,31.0,31,31,0.2222222222222222,1,63.235707262255936,129,0.003514188926528572
new-england-patriots,New England Patriots,Peter Woods,DL,0.2222222222222222,1,1,1,31.0,31.0,31,31,0.2222222222222222,1,63.235707262255936,129,0.003514188926528572
new-orleans-saints,New Orleans Saints,Carnell Tate,WR,10.431552305961755,27,26,25,8.0,8.0,8,8,0.38635378910969465,17,50.77184414448194,139,0.20545939352284673
new-orleans-saints,New Orleans Saints,Rueben Bain,EDGE,7.551587301587301,22,22,22,7.909090909090909,8.0,6,8,0.34325396825396826,16,50.77184414448194,139,0.1487357299864404
new-orleans-saints,New Orleans Saints,David Bailey,EDGE,7.4865079365079366,22,22,22,7.7727272727272725,8.0,3,8,0.3402958152958153,13,50.77184414448194,139,0.14745392968597923
new-orleans-saints,New Orleans Saints,Makai Lemon,WR,6.648809523809524,18,18,18,8.0,8.0,8,8,0.36937830687830686,13,50.77184414448194,139,0.13095465874528686
new-orleans-saints,New Orleans Saints,Mansoor Delane,CB,6.288995125609299,16,16,14,8.0,8.0,8,8,0.3930621953505812,14,50.77184414448194,139,0.1238677702490507
new-orleans-saints,New Orleans Saints,Jordyn Tyson,WR,3.6479190101237347,11,11,11,8.0,8.0,8,8,0.33162900092033953,7,50.77184414448194,139,0.07184925171799582
new-orleans-saints,New Orleans Saints,Caleb Downs,S,3.362204724409449,9,9,9,8.0,8.0,8,8,0.373578302712161,7,50.77184414448194,139,0.06622183576475162
new-orleans-saints,New Orleans Saints,Sonny Styles,LB,2.854268216472941,8,8,8,8.0,8.0,8,8,0.35678352705911764,7,50.77184414448194,139,0.05621754073676193
new-orleans-saints,New Orleans Saints,Kenyon Sadiq,TE,1.0,2,2,2,11.0,11.0,8,14,0.5,2,50.77184414448194,139,0.019695955836354695
new-orleans-saints,New Orleans Saints,Jermod McCoy,CB,0.6666666666666667,2,2,2,9.0,9.0,8,10,0.33333333333333337,1,50.77184414448194,139,0.013130637224236465
new-orleans-saints,New Orleans Saints,Denzel Boston,WR,0.5,1,1,1,17.0,17.0,17,17,0.5,1,50.77184414448194,139,0.009847977918177347
new-orleans-saints,New Orleans Saints,Kayden McDonald,DL,0.3333333333333333,1,1,1,8.0,8.0,8,8,0.3333333333333333,0,50.77184414448194,139,0.006565318612118232
new-york-giants,New York Giants,Sonny Styles,LB,30.6229242979243,63,62,60,4.968253968253968,5.0,3,5,0.48607816345911586,41,70.22991452991452,140,0.43603818263057154
new-york-giants,New York Giants,Carnell Tate,WR,11.891636141636141,19,19,19,5.0,5.0,5,5,0.6258755864019022,14,70.22991452991452,140,0.16932437154783783
new-york-giants,New York Giants,Caleb Downs,S,9.417826617826618,20,20,20,5.2,5.0,5,9,0.4708913308913309,12,70.22991452991452,140,0.13409992993534234
new-york-giants,New York Giants,Jeremiyah Love,RB,8.934065934065934,16,16,15,5.0,5.0,5,5,0.5583791208791209,15,70.22991452991452,140,0.12721168741078928
new-york-giants,New York Giants,Jordyn Tyson,WR,2.1717948717948716,4,4,4,5.0,5.0,5,5,0.5429487179487179,2,70.22991452991452,140,0.030924071121712568
new-york-giants,New York Giants,Francis Mauigoa,OT,1.8888888888888888,5,5,5,5.0,5.0,5,5,0.37777777777777777,3,70.22991452991452,140,0.026895787949226594
new-york-giants,New York Giants,Arvell Reese,LB,1.6666666666666667,4,4,4,5.0,5.0,5,5,0.4166666666666667,3,70.22991452991452,140,0.023731577602258764
new-york-giants,New York Giants,Jermod McCoy,CB,1.1916666666666667,2,2,2,5.0,5.0,5,5,0.5958333333333333,2,70.22991452991452,140,0.016968077985615015
new-york-giants,New York Giants,Mansoor Delane,CB,1.1666666666666667,3,3,3,5.0,5.0,5,5,0.3888888888888889,3,70.22991452991452,140,0.016612104321581136
new-york-giants,New York Giants,Spencer Fano,OT,0.6666666666666667,2,2,2,5.0,5.0,5,5,0.33333333333333337,2,70.22991452991452,140,0.009492631040903506
new-york-giants,New York Giants,Brandon Cisse,CB,0.3333333333333333,1,1,1,5.0,5.0,5,5,0.3333333333333333,0,70.22991452991452,140,0.004746315520451752
new-york-giants,New York Giants,Kadyn Proctor,OT,0.2777777777777778,1,1,1,11.0,11.0,11,11,0.2777777777777778,1,70.22991452991452,140,0.003955262933709794
new-york-jets,New York Jets,Arvell Reese,LB,49.2624716553288,106,105,100,2.0,2.0,2,2,0.4647402986351774,74,125.17721088435374,277,0.3935418540427494
new-york-jets,New York Jets,Jordyn Tyson,WR,15.099433106575963,31,31,31,16.258064516129032,16.0,16,24,0.4870784873089021,23,125.17721088435374,277,0.12062445711884195
new-york-jets,New York Jets,Makai Lemon,WR,10.395918367346939,24,23,21,16.0,16.0,16,16,0.4331632653061224,16,125.17721088435374,277,0.08304960858211896
new-york-jets,New York Jets,David Bailey,EDGE,7.926814058956916,19,19,19,2.0,2.0,2,2,0.4172007399451008,13,125.17721088435374,277,0.06332473780934603
new-york-jets,New York Jets,Ty Simpson,QB,7.044444444444444,15,15,15,20.4,16.0,16,32,0.4696296296296296,12,125.17721088435374,277,0.056275774117962474
new-york-jets,New York Jets,Omar Cooper Jr.,WR,6.833333333333334,15,15,15,16.0,16.0,16,16,0.4555555555555556,9,125.17721088435374,277,0.05458927615543679
new-york-jets,New York Jets,Jermod McCoy,CB,5.45578231292517,12,12,12,16.0,16.0,16,16,0.45464852607709755,10,125.17721088435374,277,0.043584469364519964
new-york-jets,New York Jets,Kevin Concepcion,WR,2.466666666666667,5,5,5,16.0,16.0,16,16,0.49333333333333335,3,125.17721088435374,277,0.019705397246352792
new-york-jets,New York Jets,Avieon Terrell,CB,2.3083333333333336,6,6,6,16.0,16.0,16,16,0.38472222222222224,5,125.17721088435374,277,0.018440523774458525
new-york-jets,New York Jets,Spencer Fano,OT,2.3015873015873014,4,4,4,16.0,16.0,16,16,0.5753968253968254,3,125.17721088435374,277,0.01838663192227255
new-york-jets,New York Jets,Denzel Boston,WR,2.2222222222222223,4,4,4,16.0,16.0,16,16,0.5555555555555556,3,125.17721088435374,277,0.01775261013184936
new-york-jets,New York Jets,Rueben Bain,EDGE,2.1666666666666665,6,6,6,2.0,2.0,2,2,0.3611111111111111,3,125.17721088435374,277,0.017308794878553125
new-york-jets,New York Jets,Caleb Downs,S,1.7666666666666666,3,3,3,10.666666666666666,14.0,2,16,0.5888888888888889,3,125.17721088435374,277,0.014113325054820242
new-york-jets,New York Jets,Olaivavega Ioane,IOL,1.6417233560090703,5,5,4,16.0,16.0,16,16,0.32834467120181404,4,125.17721088435374,277,0.01311519360761116
new-york-jets,New York Jets,Sonny Styles,LB,1.5,5,5,5,7.6,2.0,2,16,0.3,4,125.17721088435374,277,0.011983011838998319
new-york-jets,New York Jets,Peter Woods,DL,1.0833333333333335,2,2,2,16.0,16.0,16,16,0.5416666666666667,2,125.17721088435374,277,0.008654397439276564
new-york-jets,New York Jets,Keldric Faulk,EDGE,1.0,3,3,3,16.0,16.0,16,16,0.3333333333333333,1,125.17721088435374,277,0.007988674559332212
new-york-jets,New York Jets,Caleb Banks,DL,0.8809523809523809,2,2,2,16.0,16.0,16,16,0.44047619047619047,2,125.17721088435374,277,0.007037641873697425
new-york-jets,New York Jets,Fernando Mendoza,QB,0.8208616780045352,2,2,2,1.5,1.5,1,2,0.4104308390022676,2,125.17721088435374,277,0.006557596803805581
new-york-jets,New York Jets,Kenyon Sadiq,TE,0.6666666666666667,1,1,1,16.0,16.0,16,16,0.6666666666666667,1,125.17721088435374,277,0.005325783039554809
new-york-jets,New York Jets,Monroe Freeling,OT,0.6666666666666666,2,2,2,16.5,16.5,16,17,0.3333333333333333,0,125.17721088435374,277,0.005325783039554808
new-york-jets,New York Jets,Carnell Tate,WR,0.33333333333333337,1,1,1,2.0,2.0,2,2,0.33333333333333337,1,125.17721088435374,277,0.0026628915197774044
new-york-jets,New York Jets,Francis Mauigoa,OT,0.33333333333333337,1,1,1,2.0,2.0,2,2,0.33333333333333337,1,125.17721088435374,277,0.0026628915197774044
new-york-jets,New York Jets,Akheem Mesidor,EDGE,0.33333333333333337,1,1,1,16.0,16.0,16,16,0.33333333333333337,1,125.17721088435374,277,0.0026628915197774044
new-york-jets,New York Jets,A.J. Harris,CB,0.3333333333333333,1,1,1,16.0,16.0,16,16,0.3333333333333333,0,125.17721088435374,277,0.002662891519777404
new-york-jets,New York Jets,Emmanuel McNeil-Warren,S,0.3333333333333333,1,1,1,16.0,16.0,16,16,0.3333333333333333,0,125.17721088435374,277,0.002662891519777404
philadelphia-eagles,Philadelphia Eagles,Blake Miller,OT,7.30143509458578,20,20,19,23.6,23.0,23,29,0.365071754729289,16,46.87526092628833,133,0.15576308164059796
philadelphia-eagles,Philadelphia Eagles,Kadyn Proctor,OT,4.937622309197652,13,13,13,23.0,23.0,23,23,0.3798171007075117,10,46.87526092628833,133,0.10533535625459445
philadelphia-eagles,Philadelphia Eagles,Kenyon Sadiq,TE,4.63008262665797,15,15,15,22.733333333333334,23.0,19,23,0.3086721751105313,12,46.87526092628833,133,0.09877454621402122
philadelphia-eagles,Philadelphia Eagles,Caleb Lomu,OT,3.3214285714285716,10,10,10,23.0,23.0,23,23,0.3321428571428572,6,46.87526092628833,133,0.07085674843819091
philadelphia-eagles,Philadelphia Eagles,Keldric Faulk,EDGE,3.2530984996738423,9,9,9,23.0,23.0,23,23,0.36145538885264916,6,46.87526092628833,133,0.06939904835493849
philadelphia-eagles,Philadelphia Eagles,T.J. Parker,EDGE,3.236111111111111,8,8,8,23.0,23.0,23,23,0.4045138888888889,8,46.87526092628833,133,0.06903665274951575
philadelphia-eagles,Philadelphia Eagles,Omar Cooper Jr.,WR,3.2054794520547945,9,9,9,23.444444444444443,23.0,23,27,0.3561643835616438,4,46.87526092628833,133,0.06838318099381746
philadelphia-eagles,Philadelphia Eagles,Akheem Mesidor,EDGE,2.9333333333333336,7,7,7,23.0,23.0,23,23,0.41904761904761906,5,46.87526092628833,133,0.06257742944505462
philadelphia-eagles,Philadelphia Eagles,Max Iheanachor,OT,2.8472222222222223,9,9,9,23.0,23.0,23,23,0.31635802469135804,8,46.87526092628833,133,0.06074040263369412
philadelphia-eagles,Philadelphia Eagles,Emmanuel McNeil-Warren,S,2.3392857142857144,6,6,6,23.0,23.0,23,23,0.3898809523809524,4,46.87526092628833,133,0.04990448411506994
philadelphia-eagles,Philadelphia Eagles,Spencer Fano,OT,1.75,5,5,5,22.2,23.0,19,23,0.35,2,46.87526092628833,133,0.03733312552119736
philadelphia-eagles,Philadelphia Eagles,Kevin Concepcion,WR,1.611111111111111,4,4,4,23.5,23.0,23,25,0.40277777777777773,2,46.87526092628833,133,0.03437017905126106
philadelphia-eagles,Philadelphia Eagles,Monroe Freeling,OT,1.2916666666666667,4,4,4,23.0,23.0,23,23,0.3229166666666667,3,46.87526092628833,133,0.027555402170407573
philadelphia-eagles,Philadelphia Eagles,Dillon Thieneman,S,1.0833333333333333,3,3,3,23.0,23.0,23,23,0.3611111111111111,1,46.87526092628833,133,0.023110982465503124
philadelphia-eagles,Philadelphia Eagles,Makai Lemon,WR,0.6666666666666667,2,2,2,19.0,19.0,15,23,0.33333333333333337,2,46.87526092628833,133,0.014222143055694234
philadelphia-eagles,Philadelphia Eagles,Zion Young,EDGE,0.6666666666666667,2,2,2,23.0,23.0,23,23,0.33333333333333337,2,46.87526092628833,133,0.014222143055694234
philadelphia-eagles,Philadelphia Eagles,Olaivavega Ioane,IOL,0.42857142857142855,1,1,1,19.0,19.0,19,19,0.42857142857142855,1,46.87526092628833,133,0.009142806250089149
philadelphia-eagles,Philadelphia Eagles,Malachi Lawrence,EDGE,0.3721461187214612,1,1,1,23.0,23.0,23,23,0.3721461187214612,1,46.87526092628833,133,0.007939073007116985
philadelphia-eagles,Philadelphia Eagles,C.J. Allen,LB,0.33333333333333337,1,1,1,23.0,23.0,23,23,0.33333333333333337,1,46.87526092628833,133,0.007111071527847117
philadelphia-eagles,Philadelphia Eagles,Caleb Banks,DL,0.3333333333333333,1,1,1,23.0,23.0,23,23,0.3333333333333333,0,46.87526092628833,133,0.007111071527847115
philadelphia-eagles,Philadelphia Eagles,Eli Stowers,TE,0.3333333333333333,1,1,1,23.0,23.0,23,23,0.3333333333333333,0,46.87526092628833,133,0.007111071527847115
philadelphia-eagles,Philadelphia Eagles,Denzel Boston,WR,0.0,1,1,1,23.0,23.0,23,23,0.0,1,46.87526092628833,133,0.0
philadelphia-eagles,Philadelphia Eagles,Jermod McCoy,CB,0.0,1,1,1,23.0,23.0,23,23,0.0,1,46.87526092628833,133,0.0
pittsburgh-steelers,Pittsburgh Steelers,Olaivavega Ioane,IOL,7.746598639455782,22,22,21,20.636363636363637,21.0,13,21,0.3521181199752628,15,46.93670634920635,135,0.1650435073526792
pittsburgh-steelers,Pittsburgh Steelers,Ty Simpson,QB,6.8,21,21,21,21.285714285714285,21.0,15,32,0.3238095238095238,11,46.93670634920635,135,0.14487595165728925
pittsburgh-steelers,Pittsburgh Steelers,Kadyn Proctor,OT,5.083715986394558,16,16,16,21.0,21.0,21,21,0.31773224914965986,11,46.93670634920635,135,0.1083100281594539
pittsburgh-steelers,Pittsburgh Steelers,Omar Cooper Jr.,WR,3.05,7,7,7,21.0,21.0,21,21,0.43571428571428567,6,46.93670634920635,135,0.0649811253756959
pittsburgh-steelers,Pittsburgh Steelers,Kevin Concepcion,WR,2.748299319727891,9,9,9,21.0,21.0,21,21,0.30536659108087677,7,46.93670634920635,135,0.0585533057918616
pittsburgh-steelers,Pittsburgh Steelers,Blake Miller,OT,2.7444444444444445,8,8,8,21.0,21.0,21,21,0.34305555555555556,7,46.93670634920635,135,0.058471176567566084
pittsburgh-steelers,Pittsburgh Steelers,Spencer Fano,OT,2.2871882086167803,6,6,6,20.0,21.0,15,21,0.3811980347694634,6,46.93670634920635,135,0.048729201226865686
pittsburgh-steelers,Pittsburgh Steelers,Caleb Lomu,OT,2.1705215419501136,6,6,6,21.0,21.0,21,21,0.3617535903250189,5,46.93670634920635,135,0.04624358440921612
pittsburgh-steelers,Pittsburgh Steelers,Makai Lemon,WR,2.166666666666667,6,6,6,18.5,21.0,12,21,0.36111111111111116,3,46.93670634920635,135,0.046161455184920604
pittsburgh-steelers,Pittsburgh Steelers,Emmanuel McNeil-Warren,S,1.6944444444444446,5,5,5,21.0,21.0,21,21,0.3388888888888889,5,46.93670634920635,135,0.036100625208719955
pittsburgh-steelers,Pittsburgh Steelers,Monroe Freeling,OT,1.5999999999999999,4,4,4,18.75,21.0,12,21,0.39999999999999997,1,46.93670634920635,135,0.03408845921347982
pittsburgh-steelers,Pittsburgh Steelers,Jordyn Tyson,WR,1.5038548752834466,3,3,3,21.0,21.0,21,21,0.5012849584278155,3,46.93670634920635,135,0.03204005973693285
pittsburgh-steelers,Pittsburgh Steelers,Denzel Boston,WR,1.2222222222222223,2,2,2,21.0,21.0,21,21,0.6111111111111112,2,46.93670634920635,135,0.02603979523251931
pittsburgh-steelers,Pittsburgh Steelers,C.J. Allen,LB,1.0520833333333335,3,3,3,21.0,21.0,21,21,0.3506944444444445,2,46.93670634920635,135,0.022414937373447023
pittsburgh-steelers,Pittsburgh Steelers,Emmanuel Pregnon,IOL,0.8444444444444444,3,3,3,21.0,21.0,21,21,0.2814814814814815,2,46.93670634920635,135,0.017991131251558795
pittsburgh-steelers,Pittsburgh Steelers,Avieon Terrell,CB,0.6666666666666667,2,2,2,21.0,21.0,21,21,0.33333333333333337,1,46.93670634920635,135,0.01420352467228326
pittsburgh-steelers,Pittsburgh Steelers,Dillon Thieneman,S,0.6666666666666667,2,2,2,21.0,21.0,21,21,0.33333333333333337,1,46.93670634920635,135,0.01420352467228326
pittsburgh-steelers,Pittsburgh Steelers,Kayden McDonald,DL,0.6666666666666666,2,2,2,21.0,21.0,21,21,0.3333333333333333,0,46.93670634920635,135,0.014203524672283259
pittsburgh-steelers,Pittsburgh Steelers,Jacob Rodriguez,LB,0.5555555555555556,1,1,1,21.0,21.0,21,21,0.5555555555555556,1,46.93670634920635,135,0.01183627056023605
pittsburgh-steelers,Pittsburgh Steelers,Caleb Banks,DL,0.33333333333333337,1,1,1,21.0,21.0,21,21,0.33333333333333337,1,46.93670634920635,135,0.00710176233614163
pittsburgh-steelers,Pittsburgh Steelers,Colton Hood,CB,0.33333333333333337,1,1,1,21.0,21.0,21,21,0.33333333333333337,1,46.93670634920635,135,0.00710176233614163
pittsburgh-steelers,Pittsburgh Steelers,Kenyon Sadiq,TE,0.3333333333333333,1,1,1,21.0,21.0,21,21,0.3333333333333333,0,46.93670634920635,135,0.0071017623361416295
pittsburgh-steelers,Pittsburgh Steelers,T.J. Parker,EDGE,0.3333333333333333,1,1,1,21.0,21.0,21,21,0.3333333333333333,0,46.93670634920635,135,0.0071017623361416295
pittsburgh-steelers,Pittsburgh Steelers,Keldric Faulk,EDGE,0.16666666666666669,1,1,1,21.0,21.0,21,21,0.16666666666666669,1,46.93670634920635,135,0.003550881168070815
pittsburgh-steelers,Pittsburgh Steelers,Peter Woods,DL,0.16666666666666669,1,1,1,21.0,21.0,21,21,0.16666666666666669,1,46.93670634920635,135,0.003550881168070815
pittsburgh-steelers,Pittsburgh Steelers,Chase Bisontis,IOL,0.0,1,1,1,21.0,21.0,21,21,0.0,1,46.93670634920635,135,0.0
san-francisco-49ers,San Francisco 49ers,Caleb Lomu,OT,9.007963564213565,30,30,30,27.0,27.0,27,27,0.30026545214045214,22,43.15119745845552,134,0.20875350151953767
san-francisco-49ers,San Francisco 49ers,Kevin Concepcion,WR,4.222222222222222,12,12,12,27.166666666666668,27.0,27,29,0.35185185185185186,10,43.15119745845552,134,0.0978471623246894
san-francisco-49ers,San Francisco 49ers,Blake Miller,OT,4.014583333333333,13,13,13,27.0,27.0,27,27,0.3088141025641026,8,43.15119745845552,134,0.09303527062484038
san-francisco-49ers,San Francisco 49ers,Omar Cooper Jr.,WR,3.2950937950937953,8,8,7,27.0,27.0,27,27,0.4118867243867244,7,43.15119745845552,134,0.07636158413138355
san-francisco-49ers,San Francisco 49ers,Cashius Howell,EDGE,3.2086580086580088,10,10,10,27.0,27.0,27,27,0.32086580086580085,8,43.15119745845552,134,0.07435849287258352
san-francisco-49ers,San Francisco 49ers,Max Iheanachor,OT,2.5086580086580086,8,8,8,26.5,27.0,23,27,0.3135822510822511,4,43.15119745845552,134,0.05813646332927974
san-francisco-49ers,San Francisco 49ers,Keldric Faulk,EDGE,2.3655913978494625,8,8,8,27.0,27.0,27,27,0.2956989247311828,3,43.15119745845552,134,0.054820990776141776
san-francisco-49ers,San Francisco 49ers,Kadyn Proctor,OT,2.0,7,7,7,27.0,27.0,27,27,0.2857142857142857,5,43.15119745845552,134,0.046348655838010774
san-francisco-49ers,San Francisco 49ers,Kenyon Sadiq,TE,2.0,4,4,4,27.0,27.0,27,27,0.5,3,43.15119745845552,134,0.046348655838010774
san-francisco-49ers,San Francisco 49ers,Avieon Terrell,CB,1.5642135642135644,5,5,5,27.0,27.0,27,27,0.31284271284271287,4,43.15119745845552,134,0.03624959807244133
san-francisco-49ers,San Francisco 49ers,Emmanuel McNeil-Warren,S,1.3333333333333335,4,4,4,27.0,27.0,27,27,0.33333333333333337,3,43.15119745845552,134,0.030899103892007184
san-francisco-49ers,San Francisco 49ers,T.J. Parker,EDGE,1.2444444444444445,5,5,5,27.0,27.0,27,27,0.24888888888888888,4,43.15119745845552,134,0.028839163632540035
san-francisco-49ers,San Francisco 49ers,Monroe Freeling,OT,0.9333333333333333,4,4,4,24.25,27.0,16,27,0.23333333333333334,2,43.15119745845552,134,0.021629372724405026
san-francisco-49ers,San Francisco 49ers,Akheem Mesidor,EDGE,0.6753246753246753,2,2,2,27.0,27.0,27,27,0.33766233766233766,1,43.15119745845552,134,0.01565019547776987
san-francisco-49ers,San Francisco 49ers,Caleb Banks,DL,0.6666666666666667,1,1,1,27.0,27.0,27,27,0.6666666666666667,1,43.15119745845552,134,0.015449551946003592
san-francisco-49ers,San Francisco 49ers,Denzel Boston,WR,0.6666666666666667,2,2,2,27.0,27.0,27,27,0.33333333333333337,1,43.15119745845552,134,0.015449551946003592
san-francisco-49ers,San Francisco 49ers,Jermod McCoy,CB,0.5,2,2,2,27.0,27.0,27,27,0.25,2,43.15119745845552,134,0.011587163959502694
san-francisco-49ers,San Francisco 49ers,Peter Woods,DL,0.4444444444444444,1,1,1,27.0,27.0,27,27,0.4444444444444444,1,43.15119745845552,134,0.010299701297335727
san-francisco-49ers,San Francisco 49ers,D'angelo Ponds,CB,0.33333333333333337,1,1,1,27.0,27.0,27,27,0.33333333333333337,1,43.15119745845552,134,0.007724775973001796
san-francisco-49ers,San Francisco 49ers,Makai Lemon,WR,0.33333333333333337,1,1,1,27.0,27.0,27,27,0.33333333333333337,1,43.15119745845552,134,0.007724775973001796
san-francisco-49ers,San Francisco 49ers,Colton Hood,CB,0.3333333333333333,1,1,1,27.0,27.0,27,27,0.3333333333333333,0,43.15119745845552,134,0.007724775973001795
san-francisco-49ers,San Francisco 49ers,Emmanuel Pregnon,IOL,0.3333333333333333,1,1,1,27.0,27.0,27,27,0.3333333333333333,0,43.15119745845552,134,0.007724775973001795
san-francisco-49ers,San Francisco 49ers,Francis Mauigoa,OT,0.3333333333333333,1,1,1,27.0,27.0,27,27,0.3333333333333333,0,43.15119745845552,134,0.007724775973001795
san-francisco-49ers,San Francisco 49ers,Zion Young,EDGE,0.3333333333333333,1,1,1,27.0,27.0,27,27,0.3333333333333333,0,43.15119745845552,134,0.007724775973001795
san-francisco-49ers,San Francisco 49ers,Kayden McDonald,DL,0.3333333333333333,1,1,1,28.0,28.0,28,28,0.3333333333333333,0,43.15119745845552,134,0.007724775973001795
san-francisco-49ers,San Francisco 49ers,Christen Miller,DL,0.16666666666666669,1,1,1,27.0,27.0,27,27,0.16666666666666669,1,43.15119745845552,134,0.003862387986500898
seattle-seahawks,Seattle Seahawks,Colton Hood,CB,11.741591591591591,30,29,28,32.0,32.0,32,32,0.3913863863863864,20,46.90132453882454,127,0.25034669504636264
seattle-seahawks,Seattle Seahawks,Jadarian Price,RB,6.906906906906907,19,19,19,32.0,32.0,32,32,0.3635214161529951,13,46.90132453882454,127,0.14726464497158123
seattle-seahawks,Seattle Seahawks,Brandon Cisse,CB,4.768018018018018,11,11,11,32.0,32.0,32,32,0.4334561834561834,8,46.90132453882454,127,0.10166062611027309
seattle-seahawks,Seattle Seahawks,Avieon Terrell,CB,4.344444444444444,14,14,14,32.0,32.0,32,32,0.31031746031746027,8,46.90132453882454,127,0.09262946168712459
seattle-seahawks,Seattle Seahawks,Cashius Howell,EDGE,3.5,7,7,7,32.0,32.0,32,32,0.5,6,46.90132453882454,127,0.07462475813668605
seattle-seahawks,Seattle Seahawks,Chase Bisontis,IOL,2.645833333333333,5,5,5,32.0,32.0,32,32,0.5291666666666666,2,46.90132453882454,127,0.05641276359142338
seattle-seahawks,Seattle Seahawks,Zion Young,EDGE,2.018018018018018,4,4,4,32.0,32.0,32,32,0.5045045045045045,4,46.90132453882454,127,0.04302688757430547
seattle-seahawks,Seattle Seahawks,Chris Johnson,CB,1.7084942084942085,6,6,6,32.0,32.0,32,32,0.28474903474903474,4,46.90132453882454,127,0.03642741916765977
seattle-seahawks,Seattle Seahawks,Kevin Concepcion,WR,1.1666666666666667,4,4,4,32.0,32.0,32,32,0.2916666666666667,2,46.90132453882454,127,0.024874919378895355
seattle-seahawks,Seattle Seahawks,Jermod McCoy,CB,1.0666666666666667,3,3,3,32.0,32.0,32,32,0.35555555555555557,2,46.90132453882454,127,0.022742783432132894
seattle-seahawks,Seattle Seahawks,Emmanuel McNeil-Warren,S,1.0,3,3,3,32.0,32.0,32,32,0.3333333333333333,2,46.90132453882454,127,0.021321359467624586
seattle-seahawks,Seattle Seahawks,Dillon Thieneman,S,0.8513513513513513,2,2,2,32.0,32.0,32,32,0.42567567567567566,2,46.90132453882454,127,0.01815196819541012
seattle-seahawks,Seattle Seahawks,C.J. Allen,LB,0.75,2,2,2,32.0,32.0,32,32,0.375,2,46.90132453882454,127,0.015991019600718442
seattle-seahawks,Seattle Seahawks,Peter Woods,DL,0.5555555555555556,1,1,1,32.0,32.0,32,32,0.5555555555555556,1,46.90132453882454,127,0.011845199704235882
seattle-seahawks,Seattle Seahawks,Akheem Mesidor,EDGE,0.5333333333333333,2,2,2,32.0,32.0,32,32,0.26666666666666666,1,46.90132453882454,127,0.011371391716066447
seattle-seahawks,Seattle Seahawks,T.J. Parker,EDGE,0.4,1,1,1,32.0,32.0,32,32,0.4,1,46.90132453882454,127,0.008528543787049836
seattle-seahawks,Seattle Seahawks,Kadyn Proctor,OT,0.3888888888888889,2,2,2,32.0,32.0,32,32,0.19444444444444445,2,46.90132453882454,127,0.008291639792965117
seattle-seahawks,Seattle Seahawks,Keldric Faulk,EDGE,0.33333333333333337,2,2,2,32.0,32.0,32,32,0.16666666666666669,2,46.90132453882454,127,0.00710711982254153
seattle-seahawks,Seattle Seahawks,Malachi Lawrence,EDGE,0.33333333333333337,1,1,1,32.0,32.0,32,32,0.33333333333333337,1,46.90132453882454,127,0.00710711982254153
seattle-seahawks,Seattle Seahawks,Omar Cooper Jr.,WR,0.33333333333333337,1,1,1,32.0,32.0,32,32,0.33333333333333337,1,46.90132453882454,127,0.00710711982254153
seattle-seahawks,Seattle Seahawks,R Mason Thomas,EDGE,0.33333333333333337,1,1,1,32.0,32.0,32,32,0.33333333333333337,1,46.90132453882454,127,0.00710711982254153
seattle-seahawks,Seattle Seahawks,Jaydn Ott,RB,0.3333333333333333,1,1,1,32.0,32.0,32,32,0.3333333333333333,0,46.90132453882454,127,0.007107119822541529
seattle-seahawks,Seattle Seahawks,Jordyn Tyson,WR,0.3333333333333333,1,1,1,32.0,32.0,32,32,0.3333333333333333,0,46.90132453882454,127,0.007107119822541529
seattle-seahawks,Seattle Seahawks,Mike Washington Jr.,RB,0.3333333333333333,1,1,1,32.0,32.0,32,32,0.3333333333333333,0,46.90132453882454,127,0.007107119822541529
seattle-seahawks,Seattle Seahawks,Emmanuel Pregnon,IOL,0.2222222222222222,1,1,1,32.0,32.0,32,32,0.2222222222222222,1,46.90132453882454,127,0.004738079881694353
seattle-seahawks,Seattle Seahawks,Billy Schrauth,IOL,0.0,1,1,1,32.0,32.0,32,32,0.0,1,46.90132453882454,127,0.0
seattle-seahawks,Seattle Seahawks,Denzel Boston,WR,0.0,1,1,1,32.0,32.0,32,32,0.0,1,46.90132453882454,127,0.0
tampa-bay-buccaneers,Tampa Bay Buccaneers,Akheem Mesidor,EDGE,10.751587301587302,40,40,39,15.0,15.0,15,15,0.26878968253968255,27,37.888194444444444,134,0.2837714348555823
tampa-bay-buccaneers,Tampa Bay Buccaneers,Keldric Faulk,EDGE,6.728571428571429,21,21,21,15.380952380952381,15.0,15,23,0.32040816326530613,17,37.888194444444444,134,0.177590184151888
tampa-bay-buccaneers,Tampa Bay Buccaneers,Kenyon Sadiq,TE,6.295238095238095,24,23,23,15.0,15.0,15,15,0.2623015873015873,14,37.888194444444444,134,0.16615302437989804
tampa-bay-buccaneers,Tampa Bay Buccaneers,C.J. Allen,LB,2.555555555555556,7,7,7,15.857142857142858,15.0,15,21,0.3650793650793651,6,37.888194444444444,134,0.06744991660404334
tampa-bay-buccaneers,Tampa Bay Buccaneers,Olaivavega Ioane,IOL,1.8333333333333335,6,6,6,15.0,15.0,15,15,0.3055555555555556,3,37.888194444444444,134,0.04838798365072674
tampa-bay-buccaneers,Tampa Bay Buccaneers,Jordyn Tyson,WR,1.4270833333333335,4,4,4,15.0,15.0,15,15,0.35677083333333337,1,37.888194444444444,134,0.037665646364486154
tampa-bay-buccaneers,Tampa Bay Buccaneers,Spencer Fano,OT,1.3333333333333335,4,4,4,15.75,15.0,15,18,0.33333333333333337,2,37.888194444444444,134,0.035191260836892176
tampa-bay-buccaneers,Tampa Bay Buccaneers,Jermod McCoy,CB,1.1174603174603175,5,5,5,15.0,15.0,15,15,0.2234920634920635,4,37.888194444444444,134,0.029493628129966774
tampa-bay-buccaneers,Tampa Bay Buccaneers,Cashius Howell,EDGE,1.0,3,3,3,15.0,15.0,15,15,0.3333333333333333,3,37.888194444444444,134,0.02639344562766913
tampa-bay-buccaneers,Tampa Bay Buccaneers,T.J. Parker,EDGE,0.9722222222222222,3,3,3,15.0,15.0,15,15,0.32407407407407407,3,37.888194444444444,134,0.025660294360233874
tampa-bay-buccaneers,Tampa Bay Buccaneers,Avieon Terrell,CB,0.5063492063492063,2,2,2,15.0,15.0,15,15,0.25317460317460316,2,37.888194444444444,134,0.013364300246391193
tampa-bay-buccaneers,Tampa Bay Buccaneers,Malachi Lawrence,EDGE,0.45079365079365075,3,3,3,17.0,15.0,15,21,0.15026455026455024,3,37.888194444444444,134,0.011897997711520685
tampa-bay-buccaneers,Tampa Bay Buccaneers,David Bailey,EDGE,0.33333333333333337,1,1,1,11.0,11.0,11,11,0.33333333333333337,1,37.888194444444444,134,0.008797815209223044
tampa-bay-buccaneers,Tampa Bay Buccaneers,Dillon Thieneman,S,0.33333333333333337,1,1,1,15.0,15.0,15,15,0.33333333333333337,1,37.888194444444444,134,0.008797815209223044
tampa-bay-buccaneers,Tampa Bay Buccaneers,Makai Lemon,WR,0.33333333333333337,1,1,1,15.0,15.0,15,15,0.33333333333333337,1,37.888194444444444,134,0.008797815209223044
tampa-bay-buccaneers,Tampa Bay Buccaneers,Mansoor Delane,CB,0.33333333333333337,1,1,1,15.0,15.0,15,15,0.33333333333333337,1,37.888194444444444,134,0.008797815209223044
tampa-bay-buccaneers,Tampa Bay Buccaneers,Caleb Lomu,OT,0.3333333333333333,1,1,1,15.0,15.0,15,15,0.3333333333333333,0,37.888194444444444,134,0.008797815209223042
tampa-bay-buccaneers,Tampa Bay Buccaneers,Jacob Rodriguez,LB,0.3333333333333333,1,1,1,21.0,21.0,21,21,0.3333333333333333,0,37.888194444444444,134,0.008797815209223042
tampa-bay-buccaneers,Tampa Bay Buccaneers,Kadyn Proctor,OT,0.25,1,1,1,15.0,15.0,15,15,0.25,1,37.888194444444444,134,0.0065983614069172825
tampa-bay-buccaneers,Tampa Bay Buccaneers,Zion Young,EDGE,0.2222222222222222,2,2,2,15.0,15.0,15,15,0.1111111111111111,2,37.888194444444444,134,0.005865210139482028
tampa-bay-buccaneers,Tampa Bay Buccaneers,Rueben Bain,EDGE,0.16666666666666669,1,1,1,9.0,9.0,9,9,0.16666666666666669,1,37.888194444444444,134,0.004398907604611522
tampa-bay-buccaneers,Tampa Bay Buccaneers,Jeremiyah Love,RB,0.16666666666666669,1,1,1,15.0,15.0,15,15,0.16666666666666669,1,37.888194444444444,134,0.004398907604611522
tampa-bay-buccaneers,Tampa Bay Buccaneers,Denzel Boston,WR,0.1111111111111111,1,1,1,15.0,15.0,15,15,0.1111111111111111,1,37.888194444444444,134,0.002932605069741014
tennessee-titans,Tennessee Titans,Jeremiyah Love,RB,30.73774250440917,67,67,66,4.119402985074627,4.0,4,9,0.4587722761852115,46,67.44700176366842,143,0.45573178496670586
tennessee-titans,Tennessee Titans,David Bailey,EDGE,11.407407407407408,25,25,23,4.0,4.0,4,4,0.4562962962962963,19,67.44700176366842,143,0.1691314233266959
tennessee-titans,Tennessee Titans,Rueben Bain,EDGE,8.595679012345679,22,22,21,4.2272727272727275,4.0,4,9,0.39071268237934903,14,67.44700176366842,143,0.12744345615932035
tennessee-titans,Tennessee Titans,Sonny Styles,LB,7.616666666666667,13,13,13,4.846153846153846,4.0,4,10,0.5858974358974359,9,67.44700176366842,143,0.11292817275043834
tennessee-titans,Tennessee Titans,Arvell Reese,LB,4.027777777777778,6,6,6,4.0,4.0,4,4,0.6712962962962963,5,67.44700176366842,143,0.059717669762266806
tennessee-titans,Tennessee Titans,Carnell Tate,WR,2.506172839506173,5,5,5,5.6,4.0,4,12,0.5012345679012346,4,67.44700176366842,143,0.03715766118541046
tennessee-titans,Tennessee Titans,Francis Mauigoa,OT,1.0,1,1,1,4.0,4.0,4,4,1.0,1,67.44700176366842,143,0.014826455940976585
tennessee-titans,Tennessee Titans,Akheem Mesidor,EDGE,0.5555555555555556,1,1,1,20.0,20.0,20,20,0.5555555555555556,1,67.44700176366842,143,0.008236919967209214
tennessee-titans,Tennessee Titans,Monroe Freeling,OT,0.3333333333333333,1,1,1,4.0,4.0,4,4,0.3333333333333333,0,67.44700176366842,143,0.004942151980325529
tennessee-titans,Tennessee Titans,Spencer Fano,OT,0.3333333333333333,1,1,1,4.0,4.0,4,4,0.3333333333333333,0,67.44700176366842,143,0.004942151980325529
tennessee-titans,Tennessee Titans,Colton Hood,CB,0.3333333333333333,1,1,1,32.0,32.0,32,32,0.3333333333333333,0,67.44700176366842,143,0.004942151980325529
washington-commanders,Washington Commanders,Jeremiyah Love,RB,16.135802469135804,41,41,40,6.804878048780488,7.0,3,7,0.3935561577838001,28,60.467515432098764,140,0.2668507603434657
washington-commanders,Washington Commanders,Caleb Downs,S,11.742592592592592,26,26,24,7.0,7.0,7,7,0.4516381766381766,19,60.467515432098764,140,0.19419671055905693
washington-commanders,Washington Commanders,Carnell Tate,WR,7.3533179012345675,19,19,19,7.0,7.0,7,7,0.3870167316439246,10,60.467515432098764,140,0.121607740101243
washington-commanders,Washington Commanders,Rueben Bain,EDGE,6.940564373897708,15,15,14,6.8,7.0,4,7,0.4627042915931805,11,60.467515432098764,140,0.11478170261008205
washington-commanders,Washington Commanders,Mansoor Delane,CB,4.5,8,8,8,7.0,7.0,7,7,0.5625,8,60.467515432098764,140,0.0744201240590614
washington-commanders,Washington Commanders,David Bailey,EDGE,4.477777777777778,9,9,9,7.0,7.0,7,7,0.4975308641975309,7,60.467515432098764,140,0.07405261727358456
washington-commanders,Washington Commanders,Sonny Styles,LB,4.2063492063492065,11,11,11,7.0,7.0,7,7,0.3823953823953824,7,60.467515432098764,140,0.06956378439383165
washington-commanders,Washington Commanders,Arvell Reese,LB,2.3333333333333335,4,4,4,7.0,7.0,7,7,0.5833333333333334,3,60.467515432098764,140,0.03858821247506888
washington-commanders,Washington Commanders,Jordyn Tyson,WR,0.8888888888888888,3,3,3,7.0,7.0,7,7,0.2962962962962963,2,60.467515432098764,140,0.014700271419073856
washington-commanders,Washington Commanders,Olaivavega Ioane,IOL,0.6666666666666667,1,1,1,7.0,7.0,7,7,0.6666666666666667,1,60.467515432098764,140,0.011025203564305395
washington-commanders,Washington Commanders,Makai Lemon,WR,0.5555555555555556,1,1,1,7.0,7.0,7,7,0.5555555555555556,1,60.467515432098764,140,0.00918766963692116
washington-commanders,Washington Commanders,Francis Mauigoa,OT,0.3333333333333333,1,1,1,7.0,7.0,7,7,0.3333333333333333,0,60.467515432098764,140,0.0055126017821526966
washington-commanders,Washington Commanders,T.J. Parker,EDGE,0.3333333333333333,1,1,1,31.0,31.0,31,31,0.3333333333333333,0,60.467515432098764,140,0.0055126017821526966
